Search term,ff_purchases,ff_leads,ff_BRSubmit,ff_DMSubmit,ff_PhoneGet,Clicks,Impr.,Cost,ff_purchase_to_lead_ratio,ff_Cost_to_purchase_ratio,ff_lead_to_BRSubmit_ratio,ratio_category
travel nurse housing,214.73,1169.25,611.4,577.37,1150.48,1102.0,1056.0,4451.4800000000005,0.1836476373743852,20.730591906114658,1.912414131501472,0.1 < Ratio <= 0.2
traveling nurse housing,166.18,966.25,155.07,194.56,483.31,2104.0,5002.0,12964.6,0.1719844760672703,78.01540498254904,6.231056942026182,0.1 < Ratio <= 0.2
furnished travel nurse housing,135.0,437.5,314.0,896.0,1178.0,3808.0,3613.0,14873.43,0.3085714285714285,110.17355555555557,1.393312101910828,0.2 < Ratio <= 0.5
traveling nurses housing,115.27,653.1,52.11,104.28,216.24,2669.0,5496.0,15741.19,0.176496708007962,136.55929556692982,12.533103051237768,0.1 < Ratio <= 0.2
furnished nurse housing,100.0,310.0,362.0,646.98,1023.29,4902.0,7819.0,19493.6,0.3225806451612903,194.936,0.856353591160221,0.2 < Ratio <= 0.5
traveling nurses,67.13,254.69,29.74,33.36,43.07,1218.0,1211.0,8066.87,0.2635753268679571,120.16788321167884,8.563887020847345,0.2 < Ratio <= 0.5
travel nurses housing,35.16,187.9,43.66,19.66,132.26,2038.0,2739.0,11701.41,0.187120808940926,332.80460750853246,4.303710490151168,0.1 < Ratio <= 0.2
rent to traveling nurses,35.11,277.06,24.51,31.0,113.27,3008.0,4201.0,21245.57,0.1267234534035949,605.1144972942182,11.303957568339454,0.1 < Ratio <= 0.2
furnished rentals,31.38,113.99,89.6,157.94,212.1,2534.0,4660.0,3318.41,0.2752873059040266,105.74920331421288,1.2722098214285715,0.2 < Ratio <= 0.5
nurse finder housing,27.6,135.88,24.14,108.34,99.59,1605.0,2583.0,7226.92,0.2031204003532528,261.84492753623186,5.628831814415907,0.2 < Ratio <= 0.5
traveling nurse,26.5,102.56,21.33,21.96,48.82,1244.0,2972.0,6122.14,0.2583853354134165,231.02415094339625,4.808251289263948,0.2 < Ratio <= 0.5
traveling nurses rental,25.16,169.78,17.509999999999998,7.0,43.5,1923.0,2475.0,10977.54,0.1481917775945341,436.3092209856916,9.6961736150771,0.1 < Ratio <= 0.2
renting to traveling nurses,25.0,185.58,2.0,8.16,29.19,2372.0,5916.0,17223.72,0.1347127923267593,688.9488,92.79,0.1 < Ratio <= 0.2
travel nursing housing,24.52,146.93,120.81,105.96,248.95,1121.0,3176.0,5312.17,0.1668821887973865,216.6464110929853,1.2162072676102973,0.1 < Ratio <= 0.2
travelling nurse housing,23.590000000000003,120.44,9.57,32.42,37.51,1282.0,2036.0,7154.4400000000005,0.1958651610760545,303.28274692666383,12.58516196447231,0.1 < Ratio <= 0.2
housing for travel nurses,19.4,133.57,43.97,39.93,92.11,1010.0,2711.0,4342.16,0.1452421951036909,223.82268041237117,3.03775301341824,0.1 < Ratio <= 0.2
traveling nurse rental site,19.11,96.04,32.629999999999995,7.53,49.83,808.0,1821.0,6568.23,0.1989795918367347,343.7064364207221,2.9433037082439477,0.1 < Ratio <= 0.2
traveling nurse rentals,17.76,109.89,19.09,14.16,39.36,1463.0,447.0,6720.759999999999,0.1616161616161616,378.4211711711711,5.7564169722367735,0.1 < Ratio <= 0.2
rentals for traveling nurses,17.54,111.39,14.48,33.99,24.03,1486.0,3291.0,9364.58,0.1574647634437561,533.8985176738883,7.69267955801105,0.1 < Ratio <= 0.2
travelling nurses housing,17.4,97.0,0.28,0.33,6.46,754.0,888.0,5217.53,0.179381443298969,299.8580459770115,346.4285714285714,0.1 < Ratio <= 0.2
nursefinders housing,17.0,93.0,102.04,105.53,287.07,1744.0,1725.0,6801.71,0.1827956989247312,400.1005882352941,0.91140729125833,0.1 < Ratio <= 0.2
how to rent to traveling nurses,16.97,119.06,0.08,0.0,7.0,1510.0,3225.0,10261.14,0.1425331765496388,604.6635238656453,1488.25,0.1 < Ratio <= 0.2
traveling nurse housing websites,16.97,86.72999999999999,22.34,28.22,89.01,1033.0,1367.0,5549.49,0.1956647065605903,327.01767825574547,3.882273948075201,0.1 < Ratio <= 0.2
nurse housing,16.240000000000002,81.0,42.35,49.7,124.03,708.0,1619.0,2629.48,0.2004938271604938,161.91379310344826,1.9126328217237307,0.2 < Ratio <= 0.5
travel nurse housing website,15.29,121.48,57.370000000000005,24.28,119.35,1429.0,1865.0,7349.99,0.125864339809022,480.70568999345977,2.1174830050549063,0.1 < Ratio <= 0.2
furnished short term rentals,15.0,70.0,54.45,107.97,137.12,1631.0,1900.0,2507.77,0.2142857142857142,167.18466666666666,1.285583103764922,0.2 < Ratio <= 0.5
traveling nurses housing website,14.99,90.86,20.99,41.34,98.72,1127.0,1088.0,6755.96,0.1649790887079022,450.6977985323549,4.328727965697952,0.1 < Ratio <= 0.2
travel nurse,13.74,42.23,2.0,1.97,9.05,1211.0,2091.0,3763.42,0.3253611176888468,273.9024745269287,21.115,0.2 < Ratio <= 0.5
mid term rentals,13.71,40.5,18.0,4.0,16.5,901.0,961.0,1396.53,0.3385185185185185,101.86214442013129,2.25,0.2 < Ratio <= 0.5
visiting nurses housing,13.31,80.25999999999999,2.58,12.0,14.35,850.0,961.0,5046.78,0.1658360328930974,379.1720510894064,31.108527131782942,0.1 < Ratio <= 0.2
housing for traveling nurses,12.5,107.2,10.65,4.86,11.83,1424.0,2071.0,6734.23,0.1166044776119403,538.7384,10.065727699530516,0.1 < Ratio <= 0.2
travelling nurses,11.7,23.5,0.58,5.9,26.47,292.0,778.0,2028.38,0.4978723404255319,173.36581196581193,40.51724137931035,0.2 < Ratio <= 0.5
housing for nurses,11.27,49.88,16.21,32.03,60.5,613.0,1594.0,3649.47,0.2259422614274258,323.8216503992902,3.077112893275756,0.2 < Ratio <= 0.5
traveling nurses website,11.0,26.25,0.0,1.0,4.0,233.0,537.0,1637.78,0.419047619047619,148.8890909090909,,0.2 < Ratio <= 0.5
traveling nurses rental program,10.98,50.0,0.0,0.0,3.15,323.0,991.0,2852.01,0.2196,259.74590163934425,,0.2 < Ratio <= 0.5
fully furnished,10.83,53.82,84.8,149.01,250.29,1533.0,2033.0,594.01,0.2012263099219621,54.848568790397046,0.6346698113207547,0.2 < Ratio <= 0.5
nurse rentals,10.09,47.0,2.42,0.03,12.22,458.0,975.0,2401.6,0.2146808510638297,238.01783944499505,19.421487603305785,0.2 < Ratio <= 0.5
furnished finds,10.0,49.0,64.49,32.57,81.64,1268.0,1879.0,701.02,0.2040816326530612,70.102,0.7598077221274617,0.2 < Ratio <= 0.5
travel nurse rental housing,10.0,45.5,2.64,18.36,13.05,537.0,1321.0,2793.39,0.2197802197802197,279.339,17.234848484848484,0.2 < Ratio <= 0.5
travel nurse rentals,9.43,83.06,13.91,15.19,59.46,1002.0,2521.0,5235.3,0.1135323862268239,555.1749734888654,5.971243709561467,0.1 < Ratio <= 0.2
furnished,9.0,25.0,51.46,128.32,218.31,1439.0,1514.0,458.57,0.36,50.95222222222222,0.4858142246404974,0.2 < Ratio <= 0.5
fully furnished rentals,8.98,36.09,25.29,18.03,20.38,567.0,1691.0,571.97,0.2488223884732612,63.69376391982183,1.427046263345196,0.2 < Ratio <= 0.5
travelling nurses rentals,8.37,13.0,0.0,0.0,0.0,75.0,249.0,449.14,0.6438461538461537,53.660692951015534,,0.5 < Ratio <= 1.0
traveling nurses rentals,8.31,58.83,5.0,11.14,15.01,513.0,1315.0,4067.7,0.141254462009179,489.4945848375451,11.766,0.1 < Ratio <= 0.2
nursefinders rentals,8.26,20.45,9.93,11.23,15.54,263.0,402.0,1210.74,0.4039119804400978,146.57869249394673,2.059415911379657,0.2 < Ratio <= 0.5
nurse rental housing,8.01,84.4,19.0,10.0,12.08,897.0,485.0,4738.65,0.0949052132701421,591.5917602996254,4.442105263157895,0 < Ratio <= 0.1
midterm rentals,8.0,21.23,4.01,9.09,15.22,338.0,2251.0,667.36,0.3768252472915685,83.42,5.29426433915212,0.2 < Ratio <= 0.5
traveling nurses rooms for rent,7.99,35.42,11.0,4.0,3.01,291.0,827.0,2149.54,0.2255787690570299,269.0287859824781,3.22,0.2 < Ratio <= 0.5
visiting nurse housing,7.98,25.48,0.0,0.0,0.0,255.0,598.0,1340.17,0.3131868131868132,167.94110275689223,,0.2 < Ratio <= 0.5
travel nurses,7.66,30.22,1.29,3.28,16.11,437.0,1763.0,2289.8,0.2534745201853077,298.9295039164491,23.42635658914729,0.2 < Ratio <= 0.5
travel nurse housing websites,7.640000000000001,34.0,17.1,83.82,46.23,286.0,859.0,2366.21,0.2247058823529412,309.7133507853403,1.9883040935672516,0.2 < Ratio <= 0.5
traveling nurse website,7.37,16.0,12.0,0.0,19.64,144.0,340.0,945.49,0.460625,128.2890094979647,1.3333333333333333,0.2 < Ratio <= 0.5
short term rentals for traveling professionals,7.12,28.51,2.68,5.359999999999999,9.14,425.0,1225.0,1367.73,0.2497369344089793,192.09691011235955,10.638059701492535,0.2 < Ratio <= 0.5
corporate housing,7.01,63.0,48.260000000000005,39.49,82.78999999999999,99.0,1263.0,233.69,0.1112698412698412,33.33666191155492,1.305428926647327,0.1 < Ratio <= 0.2
furnished rentals for travel nurses,7.0,20.0,1.0,1.0,4.51,199.0,488.0,801.63,0.35,114.51857142857143,20.0,0.2 < Ratio <= 0.5
travel nurse rental,7.0,44.57,0.0,2.05,8.13,479.0,1266.0,2537.49,0.1570563159075611,362.4985714285714,,0.1 < Ratio <= 0.2
rent rooms to traveling nurses,6.65,83.9,1.0,3.0,16.47,946.0,3836.0,5346.48,0.0792610250297973,803.981954887218,83.9,0 < Ratio <= 0.1
traveling nurses housing san diego,6.58,19.0,0.0,0.0,1.25,123.0,304.0,917.47,0.3463157894736842,139.43313069908814,,0.2 < Ratio <= 0.5
short term rentals for nurses,6.46,22.0,6.64,6.0,4.93,315.0,681.0,1923.33,0.2936363636363636,297.72910216718265,3.313253012048193,0.2 < Ratio <= 0.5
travel nurse website housing,6.0,13.46,3.59,3.75,5.109999999999999,149.0,328.0,852.33,0.4457652303120356,142.055,3.7493036211699167,0.2 < Ratio <= 0.5
long term furnished rentals,6.0,15.5,8.24,15.32,17.31,358.0,735.0,360.42,0.3870967741935484,60.07,1.8810679611650485,0.2 < Ratio <= 0.5
nurse housing website,6.0,21.69,1.33,4.0,9.99,146.0,308.0,811.26,0.2766251728907331,135.21,16.308270676691727,0.2 < Ratio <= 0.5
is travel nurse housing legit,6.0,6.0,0.0,0.0,0.0,35.0,206.0,213.17,1.0,35.52833333333333,,0.5 < Ratio <= 1.0
furnished homes for rent,5.74,39.38,30.16,59.48,140.44,991.0,1808.0,1434.06,0.1457592686642966,249.8362369337979,1.305702917771883,0.1 < Ratio <= 0.2
furniturefinder,5.72,17.0,10.97,50.14,51.21,303.0,460.0,41.21,0.3364705882352941,7.204545454545455,1.5496809480401097,0.2 < Ratio <= 0.5
nurse rental,5.63,8.0,0.0,0.0,2.42,163.0,347.0,907.63,0.70375,161.21314387211368,,0.5 < Ratio <= 1.0
travel nurse furnished housing,5.61,21.0,14.49,20.14,26.69,328.0,796.0,1220.96,0.2671428571428572,217.6399286987522,1.4492753623188406,0.2 < Ratio <= 0.5
how much can you make renting to traveling nurses,5.390000000000001,38.65,0.0,0.0,3.0,1004.0,2558.0,4302.39,0.1394566623544631,798.2170686456401,,0.1 < Ratio <= 0.2
website for traveling nurses housing,5.33,28.0,0.51,4.93,1.37,180.0,420.0,1080.15,0.1903571428571428,202.6547842401501,54.90196078431372,0.1 < Ratio <= 0.2
travel nurse housing sites,5.26,40.120000000000005,15.01,2.78,39.0,513.0,1640.0,2443.61,0.1311066799601196,464.56463878327,2.672884743504331,0.1 < Ratio <= 0.2
traveling nurse house rental,5.0,18.0,2.44,1.94,13.33,204.0,501.0,1196.8,0.2777777777777778,239.36,7.377049180327869,0.2 < Ratio <= 0.5
furnish finder,5.0,12.0,15.81,39.1,22.69,495.0,800.0,103.55,0.4166666666666667,20.71,0.7590132827324478,0.2 < Ratio <= 0.5
traveling nurses room rental,5.0,16.0,0.0,0.0,2.0,133.0,357.0,1082.79,0.3125,216.558,,0.2 < Ratio <= 0.5
best travel nurse housing sites,5.0,25.93,1.0,8.030000000000001,26.18,502.0,1104.0,2168.8,0.1928268414963363,433.7600000000001,25.93,0.1 < Ratio <= 0.2
furnished finding,5.0,26.0,34.97,39.06,75.51,578.0,879.0,599.1,0.1923076923076923,119.82,0.7434944237918216,0.1 < Ratio <= 0.2
traveling nurses airbnb,5.0,39.0,4.49,0.0,7.33,432.0,836.0,2264.61,0.1282051282051282,452.922,8.68596881959911,0.1 < Ratio <= 0.2
rentals for nurses,5.0,25.0,3.39,19.11,17.26,349.0,745.0,2090.39,0.2,418.078,7.374631268436578,0.1 < Ratio <= 0.2
traveling nurse housing sites,5.0,28.6,3.97,2.7,20.03,227.0,591.0,1545.5800000000002,0.1748251748251748,309.11600000000004,7.204030226700252,0.1 < Ratio <= 0.2
furnished housing,5.0,24.0,42.05,39.85,74.01,524.0,1743.0,773.01,0.2083333333333333,154.602,0.5707491082045185,0.2 < Ratio <= 0.5
rent house to traveling nurses,5.0,28.0,0.0,0.0,0.0,142.0,510.0,983.04,0.1785714285714285,196.608,,0.1 < Ratio <= 0.2
short term furnished rentals,5.0,25.0,33.370000000000005,19.14,75.47,914.0,4279.0,1480.29,0.2,296.058,0.7491759065028467,0.1 < Ratio <= 0.2
traveling nurse rental,5.0,36.0,2.01,1.76,18.71,487.0,1274.0,3073.68,0.1388888888888889,614.736,17.910447761194032,0.1 < Ratio <= 0.2
housing for traveling nurses and doctors,4.98,16.54,0.0,0.0,10.0,215.0,744.0,1401.74,0.3010882708585248,281.4738955823293,,0.2 < Ratio <= 0.5
furnish finders com,4.96,18.0,8.94,14.01,26.74,444.0,637.0,330.59000000000003,0.2755555555555555,66.65120967741936,2.0134228187919465,0.2 < Ratio <= 0.5
nurse airbnb,4.84,18.36,5.2,0.0,1.0,234.0,498.0,596.71,0.2636165577342048,123.28719008264464,3.5307692307692307,0.2 < Ratio <= 0.5
nurse housing rental,4.66,32.0,8.54,12.0,10.78,339.0,668.0,2062.67,0.145625,442.6330472103005,3.747072599531616,0.1 < Ratio <= 0.2
where can i list my property for corporate housing,4.66,28.5,0.0,0.0,1.42,299.0,1289.0,1844.36,0.1635087719298245,395.7854077253219,,0.1 < Ratio <= 0.2
rent to nurses,4.51,37.01,0.0,0.0,0.67,218.0,496.0,1596.3200000000002,0.1218589570386382,353.9512195121952,,0.1 < Ratio <= 0.2
traveling nursing housing,4.0600000000000005,19.630000000000003,2.98,6.99,4.96,252.0,649.0,1537.08,0.2068262862964849,378.59113300492606,6.587248322147652,0.2 < Ratio <= 0.5
long term rentals,4.0,13.99,5.01,15.0,10.38,409.0,855.0,415.93,0.2859185132237312,103.9825,2.792415169660679,0.2 < Ratio <= 0.5
furnished room finder,4.0,22.0,18.15,25.55,61.91,333.0,562.0,358.8,0.1818181818181818,89.7,1.2121212121212122,0.1 < Ratio <= 0.2
gypsy nurse housing,4.0,17.42,3.88,3.8,15.32,294.0,1522.0,1354.01,0.2296211251435131,338.5025,4.4896907216494855,0.2 < Ratio <= 0.5
travel nurse lodging,4.0,25.0,5.49,5.75,2.01,363.0,926.0,1510.91,0.16,377.7275,4.553734061930783,0.1 < Ratio <= 0.2
furnished apartments near me,4.0,33.5,51.52,71.09,165.42000000000002,1190.0,3237.0,1519.11,0.1194029850746268,379.7775,0.6502329192546583,0.1 < Ratio <= 0.2
traveling nurses rental housing,4.0,13.0,0.0,0.0,0.0,83.0,186.0,708.1,0.3076923076923077,177.025,,0.2 < Ratio <= 0.5
nurse apartment finder,4.0,20.0,7.54,10.08,30.05,222.0,402.0,731.03,0.2,182.7575,2.6525198938992043,0.1 < Ratio <= 0.2
fully furnished apartments,4.0,20.5,17.88,37.04,44.93,731.0,2888.0,707.65,0.1951219512195122,176.9125,1.1465324384787472,0.1 < Ratio <= 0.2
traveling nurse housing rentals,4.0,24.0,0.0,1.0,0.0,149.0,468.0,927.08,0.1666666666666666,231.77,,0.1 < Ratio <= 0.2
nursing housing,4.0,17.39,19.0,15.45,36.36,431.0,988.0,2125.86,0.230017251293847,531.465,0.9152631578947368,0.2 < Ratio <= 0.5
travel nurse housing florida,4.0,12.0,2.22,9.73,4.58,68.0,213.0,524.0,0.3333333333333333,131.0,5.405405405405405,0.2 < Ratio <= 0.5
nurse housing finder,4.0,21.75,5.12,5.61,9.69,326.0,619.0,1099.19,0.1839080459770115,274.7975,4.248046875,0.1 < Ratio <= 0.2
furnished rental finder,4.0,11.0,2.81,15.37,24.92,128.0,265.0,260.27,0.3636363636363636,65.0675,3.9145907473309607,0.2 < Ratio <= 0.5
short term furnished,4.0,16.0,6.99,11.96,10.98,241.0,719.0,365.15,0.25,91.2875,2.28898426323319,0.2 < Ratio <= 0.5
travel nurse website,4.0,7.0,0.84,0.0,4.01,76.0,202.0,559.65,0.5714285714285714,139.9125,8.333333333333334,0.5 < Ratio <= 1.0
travel nurses rental,4.0,11.0,2.9,1.41,0.0,75.0,179.0,646.49,0.3636363636363636,161.6225,3.793103448275862,0.2 < Ratio <= 0.5
travel nurse lodging sites,3.99,10.0,2.0,3.0,0.0,120.0,292.0,638.42,0.399,160.0050125313283,5.0,0.2 < Ratio <= 0.5
nurse home finder,3.98,10.0,0.0,0.0,3.0,85.0,123.0,407.59,0.398,102.40954773869346,,0.2 < Ratio <= 0.5
traveling nurses housing program,3.98,30.5,0.0,0.0,8.0,279.0,1119.0,1226.52,0.1304918032786885,308.1708542713568,,0.1 < Ratio <= 0.2
nurse rent a room,3.78,14.38,0.0,0.0,0.0,87.0,159.0,584.0,0.262865090403338,154.49735449735448,,0.2 < Ratio <= 0.5
rent to travel nurses,3.7,32.5,0.0,0.0,0.44,223.0,614.0,1498.0,0.1138461538461538,404.8648648648648,,0.1 < Ratio <= 0.2
rent to travel nurses and other traveling professionals,3.68,16.0,0.0,0.0,1.0,72.0,187.0,606.23,0.23,164.73641304347825,,0.2 < Ratio <= 0.5
travel nurse hosting,3.67,9.0,0.0,0.0,3.0,26.0,74.0,225.88,0.4077777777777778,61.54768392370572,,0.2 < Ratio <= 0.5
furnished rental,3.66,18.0,14.77,82.47999999999999,70.94,495.0,1908.0,654.8,0.2033333333333333,178.9071038251366,1.2186865267433988,0.2 < Ratio <= 0.5
travel nurse rental properties,3.36,28.61,5.4,0.12,15.52,517.0,1241.0,2653.69,0.1174414540370499,789.7886904761905,5.298148148148147,0.1 < Ratio <= 0.2
furnished home finder,3.35,13.57,15.54,51.04,46.76,413.0,625.0,503.28,0.2468680913780398,150.23283582089553,0.8732303732303733,0.2 < Ratio <= 0.5
furnished apartments,3.3,24.09,80.84,89.33,172.62,1540.0,3787.0,2099.35,0.136986301369863,636.1666666666666,0.2979960415635824,0.1 < Ratio <= 0.2
nurse travel housing,3.24,16.189999999999998,7.99,13.16,30.61,335.0,779.0,1335.33,0.2001235330450896,412.13888888888886,2.026282853566958,0.2 < Ratio <= 0.5
travel nurse room finder,3.0,15.0,1.0,1.07,2.0,96.0,196.0,437.3,0.2,145.76666666666665,15.0,0.1 < Ratio <= 0.2
nurse finder,3.0,6.0,0.0,1.0,8.129999999999999,45.0,260.0,196.6,0.5,65.53333333333333,,0.2 < Ratio <= 0.5
nurses furnished housing,3.0,5.99,4.78,10.14,5.75,75.0,118.0,449.08,0.5008347245409015,149.69333333333333,1.2531380753138075,0.5 < Ratio <= 1.0
rental site for traveling nurses,3.0,10.0,0.0,0.0,0.0,86.0,209.0,669.74,0.3,223.24666666666667,,0.2 < Ratio <= 0.5
traveling nurses needing housing,3.0,8.0,0.0,0.0,0.0,47.0,232.0,409.34,0.375,136.4466666666667,,0.2 < Ratio <= 0.5
rooms to rent for traveling nurses,3.0,6.0,0.0,0.0,0.43,75.0,165.0,413.86,0.5,137.95333333333335,,0.2 < Ratio <= 0.5
website for traveling nurses,3.0,16.32,3.0,0.0,2.0,93.0,211.0,517.66,0.1838235294117647,172.5533333333333,5.44,0.1 < Ratio <= 0.2
nurses housing,3.0,23.89,4.0,3.41,34.29,164.0,316.0,973.16,0.1255755546253662,324.38666666666666,5.9725,0.1 < Ratio <= 0.2
traveling nurse lodging,3.0,9.0,0.0,3.0,6.0,132.0,333.0,819.13,0.3333333333333333,273.0433333333333,,0.2 < Ratio <= 0.5
traveling nurse housing san diego,3.0,13.49,6.98,0.0,0.0,57.0,142.0,396.5,0.2223869532987398,132.16666666666666,1.9326647564469912,0.2 < Ratio <= 0.5
traveling nurses housing california,3.0,5.26,0.0,0.0,0.0,95.0,226.0,841.95,0.5703422053231939,280.65000000000003,,0.5 < Ratio <= 1.0
housing for traveling medical professionals,3.0,12.5,1.0,0.0,4.0,165.0,598.0,838.88,0.24,279.62666666666667,12.5,0.2 < Ratio <= 0.5
nursing housing finder,3.0,7.0,6.01,13.63,26.69,144.0,308.0,605.56,0.4285714285714285,201.85333333333327,1.1647254575707155,0.2 < Ratio <= 0.5
rental to traveling nurses,3.0,18.0,0.0,0.0,0.0,77.0,187.0,650.15,0.1666666666666666,216.71666666666667,,0.1 < Ratio <= 0.2
nurse homes,3.0,6.0,0.0,3.0,0.0,19.0,133.0,79.91,0.5,26.636666666666667,,0.2 < Ratio <= 0.5
furnished apartments rochester ny,3.0,4.0,12.98,12.0,5.73,119.0,414.0,142.71,0.75,47.57,0.3081664098613251,0.5 < Ratio <= 1.0
what do traveling nurses pay for rent,3.0,4.0,0.0,0.0,2.0,195.0,848.0,595.54,0.75,198.5133333333333,,0.5 < Ratio <= 1.0
rooms for traveling nurses,3.0,23.8,9.0,14.0,7.81,252.0,606.0,1342.24,0.1260504201680672,447.41333333333336,2.644444444444444,0.1 < Ratio <= 0.2
travel nurse housing allowance,3.0,4.0,0.0,0.0,0.0,31.0,148.0,114.59,0.75,38.196666666666665,,0.5 < Ratio <= 1.0
what is travel nurse housing,3.0,9.0,0.0,0.0,0.0,19.0,46.0,94.33,0.3333333333333333,31.44333333333333,,0.2 < Ratio <= 0.5
lodging for traveling nurses,3.0,14.0,0.0,0.0,1.0,134.0,370.0,703.65,0.2142857142857142,234.55,,0.2 < Ratio <= 0.5
visiting nurses rentals,3.0,13.0,1.0,5.0,16.36,240.0,689.0,1409.77,0.2307692307692307,469.92333333333335,13.0,0.2 < Ratio <= 0.5
visiting nurses rental website,3.0,20.0,3.0,3.0,27.0,148.0,304.0,1245.32,0.15,415.1066666666666,6.666666666666667,0.1 < Ratio <= 0.2
travel nurse housing finder,3.0,10.0,8.89,32.22,26.56,292.0,818.0,1101.67,0.3,367.22333333333336,1.124859392575928,0.2 < Ratio <= 0.5
travel nursing rentals,3.0,16.0,0.0,2.91,0.01,158.0,423.0,908.99,0.1875,302.99666666666667,,0.1 < Ratio <= 0.2
short term rentals,3.0,25.46,92.12,36.55,137.45999999999998,1110.0,1620.0,1669.79,0.1178318931657502,556.5966666666667,0.2763786365610073,0.1 < Ratio <= 0.2
travel nurse airbnb,3.0,17.0,1.0,5.0,0.64,221.0,606.0,616.87,0.1764705882352941,205.6233333333333,17.0,0.1 < Ratio <= 0.2
how to rent my house to corporate housing,3.0,10.5,0.0,0.0,0.0,70.0,362.0,368.67,0.2857142857142857,122.89,,0.2 < Ratio <= 0.5
traveling nurse rental homes,3.0,19.0,4.0,0.0,0.63,202.0,464.0,1301.56,0.1578947368421052,433.8533333333333,4.75,0.1 < Ratio <= 0.2
travel nurse finder,3.0,11.5,0.04,0.8,9.67,107.0,248.0,664.78,0.2608695652173913,221.59333333333333,287.5,0.2 < Ratio <= 0.5
find furnished,3.0,5.0,16.53,12.6,24.07,249.0,407.0,196.02,0.6,65.34,0.3024803387779794,0.5 < Ratio <= 1.0
corporate rentals,3.0,27.33,3.0,0.0,5.26,453.0,265.0,1184.78,0.1097694840834248,394.9266666666667,9.11,0.1 < Ratio <= 0.2
fully furnished com,3.0,9.0,9.0,17.009999999999998,44.02,142.0,227.0,217.91,0.3333333333333333,72.63666666666667,1.0,0.2 < Ratio <= 0.5
travel nurse apartments,3.0,10.0,23.62,21.700000000000003,52.39,311.0,634.0,1151.87,0.3,383.95666666666665,0.4233700254022015,0.2 < Ratio <= 0.5
furnish finders,3.0,10.0,3.69,8.16,25.92,253.0,390.0,76.69,0.3,25.563333333333333,2.710027100271003,0.2 < Ratio <= 0.5
renting to traveling professionals,3.0,14.5,0.0,0.0,0.0,158.0,706.0,944.24,0.2068965517241379,314.74666666666667,,0.2 < Ratio <= 0.5
travel nurse house rental,3.0,13.52,3.0,0.0,1.22,122.0,303.0,599.99,0.2218934911242603,199.99666666666667,4.506666666666667,0.2 < Ratio <= 0.5
travel nurse accommodations,3.0,23.96,0.0,3.63,26.25,300.0,817.0,1615.99,0.1252086811352253,538.6633333333333,,0.1 < Ratio <= 0.2
traveling nurses rental website,3.0,13.0,2.0,5.0,1.0,160.0,317.0,1347.53,0.2307692307692307,449.1766666666667,6.5,0.2 < Ratio <= 0.5
findfurnished,3.0,5.0,7.66,79.52,11.95,121.0,166.0,125.98,0.6,41.99333333333333,0.6527415143603134,0.5 < Ratio <= 1.0
furnished rentals com,3.0,9.0,1.0,0.0,0.7,80.0,144.0,142.81,0.3333333333333333,47.60333333333333,9.0,0.2 < Ratio <= 0.5
travel nurse agencies,3.0,13.5,0.0,0.0,0.0,153.0,1309.0,654.85,0.2222222222222222,218.28333333333333,,0.2 < Ratio <= 0.5
rent my house to traveling nurses,3.0,28.0,0.0,0.0,6.58,381.0,342.0,2681.13,0.1071428571428571,893.71,,0.1 < Ratio <= 0.2
rent room to traveling nurse,3.0,29.99,0.0,0.0,0.0,163.0,582.0,1124.19,0.1000333444481493,374.73,,0.1 < Ratio <= 0.2
furnished apartment finder,3.0,14.0,57.01,68.17999999999999,83.12,843.0,1769.0,852.8199999999999,0.2142857142857142,284.2733333333333,0.2455709524644799,0.2 < Ratio <= 0.5
traveling professional housing,2.99,8.99,21.0,17.990000000000002,11.81,158.0,573.0,993.81,0.3325917686318131,332.37792642140465,0.4280952380952381,0.2 < Ratio <= 0.5
how to rent rooms to traveling nurses,2.97,59.93,0.0,0.0,1.5,514.0,2363.0,3293.98,0.0495578174536959,1109.084175084175,,0 < Ratio <= 0.1
travel nurse rental program,2.74,10.0,0.0,0.0,0.0,124.0,311.0,948.85,0.274,346.2956204379562,,0.2 < Ratio <= 0.5
rooms for rent for traveling nurses,2.73,16.28,0.0,0.0,2.51,105.0,275.0,601.89,0.1676904176904176,220.47252747252747,,0.1 < Ratio <= 0.2
rental for travel nurses,2.64,23.4,1.5,10.0,12.28,251.0,551.0,1780.04,0.1128205128205128,674.2575757575758,15.6,0.1 < Ratio <= 0.2
traveling nurses home rentals,2.61,9.5,0.0,0.0,1.25,103.0,209.0,1000.99,0.2747368421052631,383.5210727969349,,0.2 < Ratio <= 0.5
housing for visiting nurses,2.53,15.0,1.0,3.0,4.95,136.0,325.0,1095.48,0.1686666666666667,432.99604743083,15.0,0.1 < Ratio <= 0.2
traveling nurse housing agency,2.37,4.41,0.0,0.0,2.16,25.0,86.0,244.87,0.5374149659863946,103.32067510548524,,0.5 < Ratio <= 1.0
rent a room to traveling nurses,2.28,41.0,1.0,0.0,6.1,262.0,1121.0,1682.1,0.0556097560975609,737.763157894737,41.0,0 < Ratio <= 0.1
find travel nurse housing,2.25,6.34,0.0,0.0,0.0,44.0,109.0,305.42,0.3548895899053628,135.74222222222224,,0.2 < Ratio <= 0.5
travelnursehousing com reviews,2.23,4.0,14.55,1.02,9.44,171.0,774.0,1055.17,0.5575,473.170403587444,0.274914089347079,0.5 < Ratio <= 1.0
traveling nurse room rentals,2.0700000000000003,45.37,0.03,0.0,4.09,294.0,739.0,2498.1,0.0456248622437734,1206.8115942028985,1512.3333333333333,0 < Ratio <= 0.1
finish finder,2.0,3.0,1.16,6.88,7.0,30.0,50.0,17.83,0.6666666666666666,8.915,2.586206896551724,0.5 < Ratio <= 1.0
find furnished apartments,2.0,8.0,4.17,28.9,54.99,179.0,426.0,140.68,0.25,70.34,1.9184652278177456,0.2 < Ratio <= 0.5
where do travel nurses find housing,2.0,15.0,2.0,0.0,4.32,102.0,362.0,608.41,0.1333333333333333,304.205,7.5,0.1 < Ratio <= 0.2
furnished find,2.0,10.0,6.42,54.85,41.25,354.0,518.0,297.63,0.2,148.815,1.557632398753894,0.1 < Ratio <= 0.2
travel nursing housing websites,2.0,14.5,7.01,0.06,8.0,135.0,389.0,746.95,0.1379310344827586,373.475,2.0684736091298146,0.1 < Ratio <= 0.2
travel nursing housing sites,2.0,7.0,4.0,3.27,2.05,92.0,245.0,611.75,0.2857142857142857,305.875,1.75,0.2 < Ratio <= 0.5
travel nursing housing finder,2.0,7.0,9.5,0.67,8.94,110.0,271.0,587.62,0.2857142857142857,293.81,0.7368421052631579,0.2 < Ratio <= 0.5
room for rent for traveling nurses,2.0,9.0,0.0,2.0,1.0,44.0,155.0,239.97,0.2222222222222222,119.985,,0.2 < Ratio <= 0.5
travel nurse agencies that provide housing,2.0,14.0,0.0,0.0,0.0,523.0,921.0,1005.43,0.1428571428571428,502.715,,0.1 < Ratio <= 0.2
where to find travel nurse housing,2.0,3.0,0.0,0.0,0.0,6.0,22.0,103.73,0.6666666666666666,51.865,,0.5 < Ratio <= 1.0
nursing short term rentals,2.0,4.0,9.39,4.06,21.46,98.0,178.0,518.28,0.5,259.14,0.4259850905218317,0.2 < Ratio <= 0.5
travel nurses looking for housing,2.0,15.0,0.0,0.0,0.0,111.0,383.0,603.54,0.1333333333333333,301.77,,0.1 < Ratio <= 0.2
gypsy travel nurse housing,2.0,6.0,2.0,11.09,1.64,24.0,188.0,116.08,0.3333333333333333,58.04,3.0,0.2 < Ratio <= 0.5
traveling nurse housing seattle,2.0,5.0,0.0,0.0,0.0,72.0,159.0,502.92,0.4,251.46,,0.2 < Ratio <= 0.5
rental for traveling nurses,2.0,12.24,0.0,1.0,1.0,159.0,345.0,1010.16,0.1633986928104575,505.08,,0.1 < Ratio <= 0.2
rental for nurses,2.0,14.0,5.81,1.0,11.0,124.0,232.0,889.0,0.1428571428571428,444.5,2.409638554216868,0.1 < Ratio <= 0.2
mid term rental websites,2.0,19.0,0.0,2.69,0.0,178.0,812.0,233.2,0.1052631578947368,116.6,,0.1 < Ratio <= 0.2
mid term rentals for traveling nurses,2.0,4.0,0.0,5.12,0.73,87.0,238.0,677.4,0.5,338.7,,0.2 < Ratio <= 0.5
short term rental sites,2.0,2.0,10.0,2.0,6.0,61.0,752.0,167.16,1.0,83.58,0.2,0.5 < Ratio <= 1.0
traveling nurse apartments,2.0,7.0,4.0,0.0,17.009999999999998,98.0,216.0,525.8,0.2857142857142857,262.9,1.75,0.2 < Ratio <= 0.5
traveling nurse apartment finder,2.0,15.0,4.73,7.79,7.82,167.0,331.0,851.25,0.1333333333333333,425.625,3.1712473572938684,0.1 < Ratio <= 0.2
midterm rentals near me,2.0,14.0,0.0,2.0,0.0,143.0,496.0,210.9,0.1428571428571428,105.45,,0.1 < Ratio <= 0.2
renting rooms to traveling nurses,2.0,33.14,1.0,2.0,1.98,541.0,1676.0,2972.27,0.060350030175015,1486.135,33.14,0 < Ratio <= 0.1
travel nurse short term rentals,2.0,21.0,2.0,6.0,8.33,200.0,481.0,1061.63,0.0952380952380952,530.815,10.5,0 < Ratio <= 0.1
midterm rental,2.0,7.0,2.46,0.0,5.0,204.0,1503.0,291.13,0.2857142857142857,145.565,2.845528455284553,0.2 < Ratio <= 0.5
housing for travel nurse,2.0,5.0,6.0,10.0,6.14,57.0,120.0,282.74,0.4,141.37,0.8333333333333334,0.2 < Ratio <= 0.5
finders furnished,2.0,6.0,6.94,7.359999999999999,9.42,130.0,186.0,158.6,0.3333333333333333,79.3,0.8645533141210374,0.2 < Ratio <= 0.5
traveling nurse housing app,2.0,29.5,0.0,0.0,5.0,326.0,780.0,2486.22,0.0677966101694915,1243.11,,0 < Ratio <= 0.1
how to rent to travel nurses,2.0,9.0,0.0,0.0,0.0,107.0,388.0,855.79,0.2222222222222222,427.895,,0.2 < Ratio <= 0.5
how to list your house for traveling nurses,2.0,9.0,0.0,0.0,1.0,51.0,169.0,685.3000000000001,0.2222222222222222,342.65000000000003,,0.2 < Ratio <= 0.5
furnished housing for nurses,2.0,10.0,0.0,0.0,0.0,39.0,99.0,251.71,0.2,125.855,,0.1 < Ratio <= 0.2
furnished apartments knoxville tn,2.0,3.0,0.0,0.0,1.0,57.0,243.0,78.25,0.6666666666666666,39.125,,0.5 < Ratio <= 1.0
rent a room to a travel nurse,2.0,4.0,0.0,0.0,0.0,22.0,35.0,207.31,0.5,103.655,,0.2 < Ratio <= 0.5
furnished housing finder,2.0,2.0,1.32,57.9,22.22,88.0,184.0,228.01,1.0,114.005,1.5151515151515151,0.5 < Ratio <= 1.0
how to rent your property to travel nurses,2.0,2.0,0.0,0.0,0.0,13.0,33.0,157.59,1.0,78.795,,0.5 < Ratio <= 1.0
traveling nurses accommodations,2.0,6.0,0.0,0.0,0.0,78.0,169.0,670.12,0.3333333333333333,335.06,,0.2 < Ratio <= 0.5
traveling nurse housing website,2.0,9.0,1.0,3.0,6.97,80.0,165.0,640.9,0.2222222222222222,320.45,9.0,0.2 < Ratio <= 0.5
rent my room,2.0,4.0,0.0,0.0,0.0,26.0,254.0,139.22,0.5,69.61,,0.2 < Ratio <= 0.5
list my property for traveling nurses,2.0,4.970000000000001,0.0,0.0,1.0,26.0,99.0,479.77,0.4024144869215291,239.885,,0.2 < Ratio <= 0.5
airbnb for traveling nurses,2.0,16.0,4.0,1.0,0.0,252.0,548.0,1187.25,0.125,593.625,4.0,0.1 < Ratio <= 0.2
travel nurse rental app,2.0,8.0,0.0,0.0,1.0,61.0,173.0,433.67,0.25,216.835,,0.2 < Ratio <= 0.5
rooms for rent for nurses,2.0,6.0,1.0,0.0,1.0,53.0,109.0,368.9,0.3333333333333333,184.45,6.0,0.2 < Ratio <= 0.5
housing travel nurses,2.0,12.0,0.0,0.0,0.0,95.0,267.0,717.13,0.1666666666666666,358.565,,0.1 < Ratio <= 0.2
corporate rental homes,2.0,2.0,0.0,0.0,0.0,15.0,89.0,41.14,1.0,20.57,,0.5 < Ratio <= 1.0
airbnb,2.0,183.68,53.07,9.52,120.44,553.0,1487.0,1305.88,0.0108885017421602,652.94,3.461089127567364,0 < Ratio <= 0.1
furnish find,2.0,5.8100000000000005,1.0,0.0,3.0,88.0,140.0,91.78,0.3442340791738382,45.89,5.8100000000000005,0.2 < Ratio <= 0.5
temporary housing for travel nurses,2.0,10.0,13.94,7.0,11.32,196.0,471.0,1040.25,0.2,520.125,0.7173601147776184,0.1 < Ratio <= 0.2
temporary nursing housing,2.0,3.0,26.0,1.0,3.0,205.0,330.0,491.36,0.6666666666666666,245.68,0.1153846153846153,0.5 < Ratio <= 1.0
corporate housing maryland,2.0,5.0,0.0,0.0,0.0,23.0,152.0,63.84,0.4,31.92,,0.2 < Ratio <= 0.5
furnished homes for travel nurses,2.0,6.0,3.0,5.0,4.69,47.0,102.0,210.48,0.3333333333333333,105.24,2.0,0.2 < Ratio <= 0.5
traveling nurses lodging,2.0,11.0,0.0,0.0,2.0,75.0,183.0,586.4,0.1818181818181818,293.2,,0.1 < Ratio <= 0.2
nurse room rental,2.0,15.0,1.94,0.0,0.45,100.0,195.0,683.73,0.1333333333333333,341.865,7.731958762886598,0.1 < Ratio <= 0.2
furnished apartments south carolina,2.0,4.0,1.0,2.67,1.0,51.0,185.0,61.09,0.5,30.545,4.0,0.2 < Ratio <= 0.5
travel nurse housing denver,2.0,3.0,1.0,8.23,5.12,36.0,111.0,245.86,0.6666666666666666,122.93,3.0,0.5 < Ratio <= 1.0
furnishfinder,2.0,4.0,3.0,6.0,1.0,54.0,83.0,12.82,0.5,6.41,1.3333333333333333,0.2 < Ratio <= 0.5
furnished apartments chicago,2.0,5.0,3.0,0.0,2.0,117.0,825.0,219.58,0.4,109.79,1.6666666666666667,0.2 < Ratio <= 0.5
furnishfinder com,2.0,6.0,29.0,34.81,14.83,345.0,532.0,289.74,0.3333333333333333,144.87,0.2068965517241379,0.2 < Ratio <= 0.5
furnished houses for rent,2.0,14.97,8.92,10.98,15.23,436.0,685.0,622.29,0.1336005344021376,311.145,1.6782511210762332,0.1 < Ratio <= 0.2
travelling nurse rentals,2.0,22.0,1.0,1.41,4.54,169.0,484.0,930.91,0.0909090909090909,465.455,22.0,0 < Ratio <= 0.1
list a room for rent,2.0,6.0,0.0,0.0,0.0,13.0,117.0,79.83,0.3333333333333333,39.915,,0.2 < Ratio <= 0.5
short term housing for travel nurses,2.0,10.0,4.37,3.44,34.86,203.0,581.0,901.44,0.2,450.72,2.2883295194508007,0.1 < Ratio <= 0.2
room rentals for traveling nurses,2.0,15.0,0.0,0.0,1.0,107.0,274.0,649.63,0.1333333333333333,324.815,,0.1 < Ratio <= 0.2
furnished rentals near me,2.0,10.0,15.4,19.32,24.61,775.0,3341.0,947.91,0.2,473.955,0.6493506493506493,0.1 < Ratio <= 0.2
traveling nurses looking for housing,2.0,22.65,0.0,0.0,10.22,191.0,558.0,1561.71,0.0883002207505518,780.855,,0 < Ratio <= 0.1
travel nurse rent a room,2.0,4.0,0.39,0.0,0.01,71.0,196.0,345.06,0.5,172.53,10.256410256410255,0.2 < Ratio <= 0.5
furnished houses for rent near me,2.0,10.0,5.119999999999999,17.87,21.020000000000003,302.0,1236.0,299.66,0.2,149.82999999999998,1.953125,0.1 < Ratio <= 0.2
temporary housing for healthcare workers,2.0,6.0,0.5,2.0,8.44,94.0,277.0,361.92,0.3333333333333333,180.96,12.0,0.2 < Ratio <= 0.5
travel doctor housing,2.0,3.0,0.0,0.0,0.0,22.0,74.0,103.04,0.6666666666666666,51.52,,0.5 < Ratio <= 1.0
furnished fi,2.0,2.0,5.0,15.0,41.3,56.0,89.0,149.32,1.0,74.66,0.4,0.5 < Ratio <= 1.0
the gypsy nurse housing,2.0,3.0,0.0,0.0,3.0,23.0,146.0,111.73,0.6666666666666666,55.865,,0.5 < Ratio <= 1.0
accommodations for traveling nurses,2.0,5.0,0.0,0.0,1.0,44.0,103.0,275.84,0.4,137.92,,0.2 < Ratio <= 0.5
nurses rentals,2.0,14.0,0.0,0.0,1.0,67.0,132.0,459.75,0.1428571428571428,229.875,,0.1 < Ratio <= 0.2
traveling nurse rental website,2.0,15.66,0.0,4.0,5.57,293.0,709.0,1332.38,0.1277139208173691,666.1899999999999,,0.1 < Ratio <= 0.2
monthly rentals for travel nurses,2.0,3.0,1.37,0.0,1.26,33.0,77.0,144.4,0.6666666666666666,72.2,2.18978102189781,0.5 < Ratio <= 1.0
fully furnished short term rentals,2.0,6.0,17.85,37.13,81.86,818.0,2722.0,1355.74,0.3333333333333333,677.87,0.3361344537815126,0.2 < Ratio <= 0.5
how do i rent to traveling nurses,2.0,5.0,0.0,0.0,0.0,77.0,360.0,519.64,0.4,259.82,,0.2 < Ratio <= 0.5
advertise room for rent,2.0,3.0,0.0,0.0,0.0,10.0,96.0,41.86,0.6666666666666666,20.93,,0.5 < Ratio <= 1.0
furnished apartments for traveling nurses,2.0,20.0,9.0,1.0,13.0,806.0,1417.0,2229.09,0.1,1114.545,2.2222222222222223,0 < Ratio <= 0.1
airbnb for nurses,2.0,24.45,4.0,0.78,10.44,317.0,647.0,991.13,0.081799591002045,495.565,6.1125,0 < Ratio <= 0.1
nurses looking for accommodation,2.0,4.0,0.0,0.0,0.0,28.0,142.0,121.16,0.5,60.58,,0.2 < Ratio <= 0.5
travel nurse agency housing,1.99,8.0,0.0,0.0,0.0,43.0,145.0,406.61,0.24875,204.32663316582915,,0.2 < Ratio <= 0.5
how do travel nurses find housing,1.86,7.0,4.0,12.01,6.03,172.0,617.0,1073.34,0.2657142857142857,577.0645161290324,1.75,0.2 < Ratio <= 0.5
hosting traveling nurses,1.77,8.0,0.0,0.0,0.0,44.0,146.0,403.33,0.22125,227.87005649717517,,0.2 < Ratio <= 0.5
travel nurse com,1.76,2.5,0.0,0.0,0.66,21.0,95.0,122.57,0.704,69.64204545454545,,0.5 < Ratio <= 1.0
long term rental sites,1.75,5.0,0.0,0.0,0.01,23.0,148.0,72.48,0.35,41.417142857142856,,0.2 < Ratio <= 0.5
fully furnished houses for rent,1.75,12.5,7.0,14.0,17.799999999999997,238.0,883.0,262.58,0.14,150.04571428571427,1.7857142857142858,0.1 < Ratio <= 0.2
airbnb for travel nurses,1.74,13.0,18.22,0.37,9.13,264.0,680.0,1278.9,0.1338461538461538,735.0,0.7135016465422613,0.1 < Ratio <= 0.2
travel nurse rental homes,1.6800000000000002,7.0,2.0,0.0,6.0,79.0,203.0,374.77,0.24,223.0773809523809,3.5,0.2 < Ratio <= 0.5
furnished housing for traveling nurses,1.66,5.0,0.0,1.0,3.0,34.0,54.0,180.87,0.332,108.9578313253012,,0.2 < Ratio <= 0.5
how to rent a room to a traveling nurse,1.61,8.0,0.0,0.0,2.18,74.0,248.0,747.33,0.2012499999999999,464.18012422360255,,0.2 < Ratio <= 0.5
nursing rental,1.36,6.0,0.0,0.0,0.0,48.0,102.0,324.03,0.2266666666666666,238.2573529411765,,0.2 < Ratio <= 0.5
travel nurses rentals,1.35,5.0,1.0,1.0,2.35,145.0,380.0,834.26,0.27,617.9703703703703,5.0,0.2 < Ratio <= 0.5
traveling nurses housing rental,1.35,10.0,1.0,0.0,0.76,88.0,210.0,809.35,0.135,599.5185185185185,10.0,0.1 < Ratio <= 0.2
traveling nurse rent room,1.27,12.0,0.0,0.0,0.0,74.0,161.0,575.21,0.1058333333333333,452.9212598425197,,0.1 < Ratio <= 0.2
furnishfinders,1.26,2.0,3.5700000000000003,15.03,36.0,96.0,155.0,66.64,0.63,52.888888888888886,0.5602240896358543,0.5 < Ratio <= 1.0
accommodation for nurses,1.19,2.29,0.0,11.0,1.0,10.0,18.0,47.76,0.519650655021834,40.134453781512605,,0.5 < Ratio <= 1.0
homes for traveling nurses,1.17,11.0,1.0,0.0,4.5600000000000005,171.0,372.0,829.61,0.1063636363636363,709.0683760683761,11.0,0.1 < Ratio <= 0.2
travel nurses accommodations,1.0,5.0,0.0,0.0,1.0,39.0,84.0,388.33,0.2,388.33,,0.1 < Ratio <= 0.2
furnished apartments for rent,1.0,15.0,19.3,22.21,54.36,954.0,3721.0,1231.98,0.0666666666666666,1231.98,0.7772020725388601,0 < Ratio <= 0.1
travel nurses housing website,1.0,15.0,6.42,8.07,32.81,106.0,328.0,651.71,0.0666666666666666,651.71,2.336448598130841,0 < Ratio <= 0.1
travel nurse housing stipend,1.0,1.0,1.4,0.0,0.0,43.0,351.0,170.04999999999998,1.0,170.04999999999998,0.7142857142857143,0.5 < Ratio <= 1.0
furnished rentals bend oregon,1.0,1.0,0.43,0.0,1.51,51.0,176.0,59.88,1.0,59.88,2.3255813953488373,0.5 < Ratio <= 1.0
furnished rent,1.0,4.0,5.12,0.0,2.37,43.0,173.0,45.6,0.25,45.6,0.78125,0.2 < Ratio <= 0.5
website for travel nurses housing,1.0,13.0,0.0,1.0,0.0,79.0,150.0,711.11,0.0769230769230769,711.11,,0 < Ratio <= 0.1
rent house fully furnished,1.0,3.0,0.0,0.0,0.73,4.0,6.0,4.86,0.3333333333333333,4.86,,0.2 < Ratio <= 0.5
how to find tenants,1.0,3.0,0.0,0.0,0.0,6.0,205.0,16.39,0.3333333333333333,16.39,,0.2 < Ratio <= 0.5
furnished apartment rentals,1.0,1.5,0.0,0.0,0.0,67.0,392.0,77.0,0.6666666666666666,77.0,,0.5 < Ratio <= 1.0
travel nurses housing rental,1.0,14.62,0.0,0.0,0.0,128.0,378.0,1048.41,0.0683994528043775,1048.41,,0 < Ratio <= 0.1
rn travel nursing,1.0,1.0,0.0,0.0,0.0,5.0,6.0,5.6,1.0,5.6,,0.5 < Ratio <= 1.0
travel nurses places to stay,1.0,3.0,0.0,0.0,0.0,21.0,38.0,105.74,0.3333333333333333,105.74,,0.2 < Ratio <= 0.5
furnished apartments orlando,1.0,1.0,0.0,13.9,11.3,96.0,504.0,233.21,1.0,233.21,,0.5 < Ratio <= 1.0
travel nurse housing reviews,1.0,8.41,3.7,1.33,5.11,151.0,852.0,851.11,0.1189060642092746,851.11,2.272972972972973,0.1 < Ratio <= 0.2
www rent com,1.0,1.0,0.0,0.0,0.0,1.0,15.0,4.02,1.0,4.02,,0.5 < Ratio <= 1.0
short term corporate housing,1.0,3.0,0.45,0.0,2.0,85.0,544.0,195.04,0.3333333333333333,195.04,6.666666666666666,0.2 < Ratio <= 0.5
travel nurse housing seattle,1.0,3.0,1.91,3.38,1.3,93.0,263.0,553.62,0.3333333333333333,553.62,1.5706806282722512,0.2 < Ratio <= 0.5
travel nurse listings,1.0,2.0,0.0,0.0,0.0,6.0,17.0,22.45,0.5,22.45,,0.2 < Ratio <= 0.5
short term rentals in norfolk va,1.0,2.0,0.0,0.0,0.0,1.0,1.0,1.54,0.5,1.54,,0.2 < Ratio <= 0.5
rent a house with furniture,1.0,1.0,0.0,0.0,0.0,2.0,7.0,3.29,1.0,3.29,,0.5 < Ratio <= 1.0
furnished apartments erie pa,1.0,2.0,0.0,3.0,5.0,42.0,115.0,39.64,0.5,39.64,,0.2 < Ratio <= 0.5
medium term rentals,1.0,11.0,2.0,2.0,3.65,251.0,1457.0,285.04,0.0909090909090909,285.04,5.5,0 < Ratio <= 0.1
temporary housing for nurses,1.0,6.0,3.24,7.71,8.2,107.0,217.0,645.07,0.1666666666666666,645.07,1.851851851851852,0.1 < Ratio <= 0.2
corporate housing furnished,1.0,6.0,8.0,22.0,9.0,123.0,418.0,224.53,0.1666666666666666,224.53,0.75,0.1 < Ratio <= 0.2
renting rooms for traveling nurses,1.0,6.0,0.0,0.0,0.0,49.0,150.0,365.83,0.1666666666666666,365.83,,0.1 < Ratio <= 0.2
how to list your house for corporate housing,1.0,8.0,0.0,0.0,0.0,19.0,65.0,126.06,0.125,126.06,,0.1 < Ratio <= 0.2
renting rooms to travel nurses,1.0,1.66,0.0,0.0,0.0,15.0,43.0,109.1,0.6024096385542168,109.1,,0.5 < Ratio <= 1.0
airbnb philadelphia,1.0,4.0,0.0,0.0,0.0,25.0,207.0,56.33,0.25,56.33,,0.2 < Ratio <= 0.5
travel nurse rental website,1.0,3.0,0.0,9.0,4.0,37.0,73.0,199.43,0.3333333333333333,199.43,,0.2 < Ratio <= 0.5
furnished rental raleigh nc,1.0,1.0,0.0,0.0,0.0,3.0,12.0,6.87,1.0,6.87,,0.5 < Ratio <= 1.0
corporate housing websites,1.0,4.0,0.0,0.0,0.0,22.0,110.0,79.24,0.25,79.24,,0.2 < Ratio <= 0.5
travel nurse room for rent,1.0,29.24,2.51,1.58,3.4899999999999998,234.0,570.0,1673.6899999999998,0.0341997264021887,1673.6899999999998,11.649402390438247,0 < Ratio <= 0.1
renting to traveling nurses reddit,1.0,2.0,0.0,0.0,0.0,39.0,264.0,243.41,0.5,243.41,,0.2 < Ratio <= 0.5
renting to medical professionals,1.0,2.0,0.0,0.0,0.0,15.0,66.0,83.69,0.5,83.69,,0.2 < Ratio <= 0.5
travel nurse rooms for rent,1.0,3.0,4.0,0.0,4.0,94.0,237.0,667.25,0.3333333333333333,667.25,0.75,0.2 < Ratio <= 0.5
renting to travel nurses reddit,1.0,1.0,0.0,0.0,0.0,1.0,29.0,3.74,1.0,3.74,,0.5 < Ratio <= 1.0
travel nurse room rentals,1.0,10.0,1.0,0.0,4.0,172.0,416.0,804.4799999999999,0.1,804.4799999999999,10.0,0 < Ratio <= 0.1
furnished rental site,1.0,2.0,0.0,0.0,0.0,9.0,21.0,8.49,0.5,8.49,,0.2 < Ratio <= 0.5
long term rental room,1.0,1.0,0.0,0.0,0.0,3.0,5.0,3.22,1.0,3.22,,0.5 < Ratio <= 1.0
how to list a rental,1.0,1.0,0.0,0.0,0.0,1.0,2.0,13.83,1.0,13.83,,0.5 < Ratio <= 1.0
sublets in jacksonville fl,1.0,1.0,0.0,0.0,1.0,1.0,1.0,3.13,1.0,3.13,,0.5 < Ratio <= 1.0
travel nurse websites,1.0,4.0,6.0,0.0,2.0,48.0,203.0,327.13,0.25,327.13,0.6666666666666666,0.2 < Ratio <= 0.5
furnished rental austin,1.0,1.0,0.0,0.0,0.0,6.0,26.0,14.56,1.0,14.56,,0.5 < Ratio <= 1.0
furnished apartments indiana,1.0,2.0,0.0,0.0,0.0,46.0,173.0,64.14999999999999,0.5,64.14999999999999,,0.2 < Ratio <= 0.5
furnished rooms for rent las vegas,1.0,2.0,0.0,0.0,0.4,10.0,35.0,11.61,0.5,11.61,,0.2 < Ratio <= 0.5
rent home by owner,1.0,1.0,0.0,0.0,0.0,6.0,40.0,12.92,1.0,12.92,,0.5 < Ratio <= 1.0
long term rental website,1.0,2.0,0.0,0.0,0.0,13.0,45.0,13.82,0.5,13.82,,0.2 < Ratio <= 0.5
how to make your short term rental stand out,1.0,2.0,0.0,0.0,0.0,1.0,16.0,11.18,0.5,11.18,,0.2 < Ratio <= 0.5
monthly rentals in nashville tn,1.0,2.0,0.0,0.0,0.66,5.0,12.0,21.76,0.5,21.76,,0.2 < Ratio <= 0.5
temporary housing for traveling nurses,1.0,7.33,4.89,6.38,0.25,149.0,415.0,788.94,0.1364256480218281,788.94,1.4989775051124743,0.1 < Ratio <= 0.2
travel nurse room rental,1.0,13.0,0.0,0.0,2.32,88.0,195.0,780.19,0.0769230769230769,780.19,,0 < Ratio <= 0.1
short term executive rentals,1.0,4.0,0.0,0.0,2.21,26.0,133.0,60.870000000000005,0.25,60.870000000000005,,0.2 < Ratio <= 0.5
short term rental application nyc,1.0,1.0,0.0,0.0,2.0,1.0,10.0,14.9,1.0,14.9,,0.5 < Ratio <= 1.0
how to host a traveling nurse,1.0,1.0,0.0,0.0,0.0,22.0,73.0,186.28,1.0,186.28,,0.5 < Ratio <= 1.0
furnished apartments for rent near me,1.0,6.0,7.01,44.0,29.35,388.0,1746.0,533.56,0.1666666666666666,533.56,0.8559201141226819,0.1 < Ratio <= 0.2
corporate housing florida,1.0,2.0,0.0,0.0,0.0,16.0,80.0,41.17,0.5,41.17,,0.2 < Ratio <= 0.5
furnished apartment ohio,1.0,1.0,0.0,0.0,0.0,1.0,2.0,3.56,1.0,3.56,,0.5 < Ratio <= 1.0
travel nurses rooms for rent,1.0,8.0,0.0,0.0,0.0,48.0,116.0,457.93,0.125,457.93,,0.1 < Ratio <= 0.2
temporary housing for medical professionals,1.0,1.0,0.0,0.0,0.0,28.0,55.0,164.35,1.0,164.35,,0.5 < Ratio <= 1.0
travel nurses website,1.0,1.0,0.0,0.0,0.0,18.0,41.0,128.98000000000002,1.0,128.98000000000002,,0.5 < Ratio <= 1.0
rentals for visiting nurses,1.0,11.0,0.01,0.98,0.01,134.0,289.0,870.87,0.0909090909090909,870.87,1100.0,0 < Ratio <= 0.1
furnish finding,1.0,6.0,23.98,4.0,52.620000000000005,81.0,140.0,103.99,0.1666666666666666,103.99,0.250208507089241,0.1 < Ratio <= 0.2
furnish findings,1.0,18.0,14.73,11.64,28.88,323.0,512.0,447.07,0.0555555555555555,447.07,1.2219959266802445,0 < Ratio <= 0.1
furnishedrooms,1.0,1.0,12.21,4.22,13.98,11.0,12.0,19.28,1.0,19.28,0.0819000819000819,0.5 < Ratio <= 1.0
short term apartment rentals,1.0,11.0,3.99,4.99,12.99,291.0,2632.0,738.39,0.0909090909090909,738.39,2.756892230576441,0 < Ratio <= 0.1
nursefinders travel nursing,1.0,3.0,0.0,0.0,0.0,7.0,11.0,39.54,0.3333333333333333,39.54,,0.2 < Ratio <= 0.5
furnishe finder,1.0,1.0,1.33,10.98,5.73,9.0,10.0,2.3200000000000003,1.0,2.3200000000000003,0.7518796992481203,0.5 < Ratio <= 1.0
rentals for traveling professionals,1.0,7.0,4.0,1.0,11.02,116.0,346.0,548.49,0.1428571428571428,548.49,1.75,0.1 < Ratio <= 0.2
travel nursing,1.0,3.0,0.0,2.0,16.95,89.0,2379.0,416.85,0.3333333333333333,416.85,,0.2 < Ratio <= 0.5
house traveling nurses,1.0,10.0,0.0,0.0,0.0,24.0,70.0,143.18,0.1,143.18,,0 < Ratio <= 0.1
executive rental,1.0,1.0,0.0,0.0,0.0,22.0,264.0,54.29,1.0,54.29,,0.5 < Ratio <= 1.0
furnished rentals milwaukee,1.0,6.0,1.0,0.0,0.98,33.0,83.0,29.31,0.1666666666666666,29.31,6.0,0.1 < Ratio <= 0.2
travelling nurse,1.0,13.5,4.0,17.0,3.82,111.0,707.0,474.94,0.074074074074074,474.94,3.375,0 < Ratio <= 0.1
travelling nurse agency,1.0,2.0,0.0,0.0,0.0,28.0,100.0,134.45,0.5,134.45,,0.2 < Ratio <= 0.5
rentals for medical professionals,1.0,1.0,6.0,4.0,4.0,59.0,198.0,235.73,1.0,235.73,0.1666666666666666,0.5 < Ratio <= 1.0
furnished rentals los angeles,1.0,4.0,4.0,0.0,0.0,32.0,240.0,77.07000000000001,0.25,77.07000000000001,1.0,0.2 < Ratio <= 0.5
furnish finder com,1.0,1.0,0.0,0.0,12.0,215.0,220.0,68.09,1.0,68.09,,0.5 < Ratio <= 1.0
traveling nurses renting rooms,1.0,4.0,0.0,0.0,1.0,27.0,78.0,282.09,0.25,282.09,,0.2 < Ratio <= 0.5
monthly rentals colorado springs,1.0,1.0,7.0,3.0,5.0,16.0,66.0,28.05,1.0,28.05,0.1428571428571428,0.5 < Ratio <= 1.0
short term rentals for travel nurses,1.0,7.0,2.29,4.0,3.53,120.0,261.0,730.64,0.1428571428571428,730.64,3.056768558951965,0.1 < Ratio <= 0.2
best short term rental companies,1.0,1.0,0.0,0.0,3.32,1.0,1.0,8.69,1.0,8.69,,0.5 < Ratio <= 1.0
short term rentals for traveling nurses,1.0,10.55,3.58,9.94,21.3,257.0,674.0,1306.31,0.0947867298578199,1306.31,2.946927374301676,0 < Ratio <= 0.1
furnished apartments spokane,1.0,1.0,4.0,4.0,4.529999999999999,34.0,140.0,40.43,1.0,40.43,0.25,0.5 < Ratio <= 1.0
nurses finder,1.0,1.0,0.0,10.0,17.33,28.0,41.0,146.74,1.0,146.74,,0.5 < Ratio <= 1.0
traveling nurses looking for rooms,1.0,12.99,0.0,0.0,3.76,106.0,321.0,986.22,0.0769822940723633,986.22,,0 < Ratio <= 0.1
traveling nurses housing seattle,1.0,6.0,0.0,0.0,0.0,50.0,121.0,409.97,0.1666666666666666,409.97,,0.1 < Ratio <= 0.2
traveling nurses housing rentals,1.0,2.0,0.0,3.0,8.0,88.0,193.0,303.71,0.5,303.71,,0.2 < Ratio <= 0.5
traveling nurses housing for rent,1.0,2.0,0.0,0.0,0.0,22.0,86.0,120.9,0.5,120.9,,0.2 < Ratio <= 0.5
furnishedfinds,1.0,1.0,2.0,0.0,34.0,59.0,82.0,28.76,1.0,28.76,0.5,0.5 < Ratio <= 1.0
traveling nurses housing app,1.0,21.88,0.0,0.0,0.0,149.0,378.0,1440.69,0.0457038391224862,1440.69,,0 < Ratio <= 0.1
traveling nurses housing agency,1.0,3.0,0.0,0.0,1.0,20.0,63.0,117.71,0.3333333333333333,117.71,,0.2 < Ratio <= 0.5
corporate housing near me,1.0,13.0,7.0,2.0,8.02,289.0,1417.0,729.6899999999999,0.0769230769230769,729.6899999999999,1.8571428571428568,0 < Ratio <= 0.1
short term rentals columbus ohio,1.0,3.0,17.810000000000002,1.0,6.54,53.0,432.0,172.52,0.3333333333333333,172.52,0.1684446939921392,0.2 < Ratio <= 0.5
rentals for healthcare workers,1.0,7.5,1.0,3.0,5.0,82.0,208.0,273.70000000000005,0.1333333333333333,273.70000000000005,7.5,0.1 < Ratio <= 0.2
travelling nurse rental,1.0,5.0,0.0,0.0,0.0,87.0,191.0,702.2,0.2,702.2,,0.1 < Ratio <= 0.2
furnished apartments seattle,1.0,4.0,2.68,7.67,10.26,129.0,649.0,296.28000000000003,0.25,296.28000000000003,1.4925373134328357,0.2 < Ratio <= 0.5
short stays furnished apartments,1.0,1.0,0.0,0.0,0.0,1.0,2.0,0.69,1.0,0.69,,0.5 < Ratio <= 1.0
furniturefinder com,1.0,2.0,1.0,2.0,1.0,34.0,45.0,6.779999999999999,0.5,6.779999999999999,2.0,0.2 < Ratio <= 0.5
furnitured finder,1.0,2.0,2.26,23.47,32.79,156.0,232.0,140.6,0.5,140.6,0.8849557522123894,0.2 < Ratio <= 0.5
rent by owner,1.0,11.0,0.0,0.0,0.0,136.0,909.0,163.19,0.0909090909090909,163.19,,0 < Ratio <= 0.1
nurse finders rentals,1.0,2.0,1.0,3.14,1.14,8.0,8.0,41.94,0.5,41.94,2.0,0.2 < Ratio <= 0.5
nurse looking for room to rent,1.0,2.0,0.0,0.0,0.0,10.0,45.0,55.64,0.5,55.64,,0.2 < Ratio <= 0.5
executive rentals las vegas,1.0,2.0,0.0,0.0,0.0,7.0,23.0,16.009999999999998,0.5,16.009999999999998,,0.2 < Ratio <= 0.5
furnished apartments sarasota,1.0,1.0,0.04,0.05,0.0,21.0,72.0,29.22,1.0,29.22,25.0,0.5 < Ratio <= 1.0
furnished rentals phoenix,1.0,2.0,1.0,0.72,2.74,32.0,164.0,50.96,0.5,50.96,2.0,0.2 < Ratio <= 0.5
nurse and travel,1.0,4.0,0.0,0.0,0.0,1.0,1.0,4.56,0.25,4.56,,0.2 < Ratio <= 0.5
i m renting a room,1.0,1.0,0.0,0.0,1.0,2.0,5.0,4.49,1.0,4.49,,0.5 < Ratio <= 1.0
nurse roommate finder,1.0,10.0,1.0,0.0,0.01,87.0,186.0,487.71,0.1,487.71,10.0,0 < Ratio <= 0.1
executive rental homes,1.0,1.0,0.0,0.0,0.0,29.0,140.0,65.17999999999999,1.0,65.17999999999999,,0.5 < Ratio <= 1.0
best furnished rental sites,1.0,1.0,0.0,0.0,0.0,6.0,45.0,16.72,1.0,16.72,,0.5 < Ratio <= 1.0
nurse short term housing,1.0,5.0,1.48,11.0,5.01,96.0,164.0,568.5,0.2,568.5,3.3783783783783785,0.1 < Ratio <= 0.2
travelnursing com,1.0,1.0,0.0,0.0,0.0,7.0,25.0,24.07,1.0,24.07,,0.5 < Ratio <= 1.0
rental property for traveling nurses,1.0,5.0,1.0,11.0,2.0,74.0,216.0,486.63,0.2,486.63,5.0,0.1 < Ratio <= 0.2
nurse short term rentals,1.0,4.0,1.0,8.0,4.0,55.0,95.0,396.17,0.25,396.17,4.0,0.2 < Ratio <= 0.5
travelnurses,1.0,1.0,0.0,0.0,0.0,11.0,34.0,33.95,1.0,33.95,,0.5 < Ratio <= 1.0
nurse temporary housing,1.0,6.0,1.99,7.11,45.45,122.0,270.0,581.44,0.1666666666666666,581.44,3.0150753768844223,0.1 < Ratio <= 0.2
travelnurse,1.0,1.0,22.0,3.0,4.0,35.0,158.0,152.13,1.0,152.13,0.0454545454545454,0.5 < Ratio <= 1.0
rental property,1.0,4.0,0.0,0.0,0.0,176.0,738.0,108.37,0.25,108.37,,0.2 < Ratio <= 0.5
furnishfinders com,1.0,2.0,0.0,2.0,0.15,17.0,24.0,13.41,0.5,13.41,,0.2 < Ratio <= 0.5
housefinders,1.0,1.0,0.0,0.0,1.0,10.0,21.0,9.7,1.0,9.7,,0.5 < Ratio <= 1.0
housefinder,1.0,1.0,0.0,0.0,0.0,10.0,49.0,10.7,1.0,10.7,,0.5 < Ratio <= 1.0
nurses looking for housing,1.0,7.0,0.0,0.0,0.0,51.0,135.0,396.27,0.1428571428571428,396.27,,0.1 < Ratio <= 0.2
traveling nurses apartments,1.0,5.0,0.0,5.51,1.5,68.0,133.0,556.7199999999999,0.2,556.7199999999999,,0.1 < Ratio <= 0.2
furnished rentals for nurses,1.0,5.0,5.0,1.01,7.02,96.0,217.0,536.88,0.2,536.88,1.0,0.1 < Ratio <= 0.2
rent for travel nurses,1.0,5.0,0.0,0.0,2.09,39.0,92.0,193.05,0.2,193.05,,0.1 < Ratio <= 0.2
travel professional housing,1.0,4.0,15.0,0.0,10.64,60.0,248.0,281.54,0.25,281.54,0.2666666666666666,0.2 < Ratio <= 0.5
furnished apartments vancouver wa,1.0,1.0,1.0,0.76,3.22,32.0,110.0,43.33,1.0,43.33,1.0,0.5 < Ratio <= 1.0
how to rent out rooms in your house,1.0,2.0,0.0,0.0,0.0,8.0,69.0,24.160000000000004,0.5,24.160000000000004,,0.2 < Ratio <= 0.5
fully furnished homes for rent,1.0,9.32,3.0,8.8,23.13,220.0,902.0,238.92,0.1072961373390558,238.92,3.106666666666667,0.1 < Ratio <= 0.2
long term vacation rental oahu,1.0,1.0,0.0,0.0,0.0,1.0,1.0,0.08,1.0,0.08,,0.5 < Ratio <= 1.0
fully furnished home to rent,1.0,1.0,0.0,0.0,0.01,2.0,3.0,1.27,1.0,1.27,,0.5 < Ratio <= 1.0
furnished apartments portland,1.0,5.0,2.0700000000000003,9.3,19.0,66.0,364.0,113.41,0.2,113.41,2.4154589371980677,0.1 < Ratio <= 0.2
furnished rooms for rent,1.0,10.0,2.0,2.0,6.22,105.0,610.0,70.64999999999999,0.1,70.64999999999999,5.0,0 < Ratio <= 0.1
rentdigs,1.0,7.0,0.0,0.0,0.0,23.0,443.0,125.49,0.1428571428571428,125.49,,0.1 < Ratio <= 0.2
travel nursing rental,1.0,1.0,0.0,0.0,0.0,52.0,135.0,307.59000000000003,1.0,307.59000000000003,,0.5 < Ratio <= 1.0
furnished rentals gilbert az,1.0,1.0,0.0,0.0,0.99,14.0,30.0,21.28,1.0,21.28,,0.5 < Ratio <= 1.0
apartment for travel nurses,1.0,9.5,0.0,2.0,0.0,68.0,122.0,328.59,0.1052631578947368,328.59,,0.1 < Ratio <= 0.2
furnished rentals for traveling nurses,1.0,3.0,0.0,0.0,0.0,45.0,78.0,285.48,0.3333333333333333,285.48,,0.2 < Ratio <= 0.5
where do traveling nurses find housing,1.0,7.0,0.0,0.99,5.9,103.0,281.0,863.22,0.1428571428571428,863.22,,0.1 < Ratio <= 0.2
furnished to rent,1.0,1.42,0.0,0.0,0.0,7.0,15.0,6.19,0.7042253521126761,6.19,,0.5 < Ratio <= 1.0
rentfinders,1.0,1.0,0.0,1.0,1.56,21.0,51.0,30.790000000000003,1.0,30.790000000000003,,0.5 < Ratio <= 1.0
furnished studios for rent,1.0,1.0,1.0,0.0,0.0,33.0,170.0,47.44,1.0,47.44,1.0,0.5 < Ratio <= 1.0
renting a room,1.0,1.0,0.0,0.0,0.0,13.0,212.0,48.02,1.0,48.02,,0.5 < Ratio <= 1.0
short term rentals west palm beach,1.0,3.0,3.49,0.0,1.5,59.0,317.0,138.94,0.3333333333333333,138.94,0.8595988538681948,0.2 < Ratio <= 0.5
rent furnished apartments,1.0,2.0,0.0,0.0,0.0,19.0,118.0,21.87,0.5,21.87,,0.2 < Ratio <= 0.5
where to list homes for rent,1.0,1.0,0.0,0.0,0.0,1.0,13.0,14.8,1.0,14.8,,0.5 < Ratio <= 1.0
furnished rentals chattanooga tn,1.0,2.0,0.98,0.0,0.0,18.0,65.0,47.86,0.5,47.86,2.0408163265306123,0.2 < Ratio <= 0.5
airbnb nurse housing,1.0,7.0,0.0,0.0,1.0,26.0,67.0,152.3,0.1428571428571428,152.3,,0.1 < Ratio <= 0.2
nursing travel housing,1.0,6.0,1.45,20.69,17.26,102.0,218.0,609.6,0.1666666666666666,609.6,4.137931034482759,0.1 < Ratio <= 0.2
renting fully furnished house,1.0,1.0,0.0,0.0,0.0,8.0,51.0,12.9,1.0,12.9,,0.5 < Ratio <= 1.0
furnished apartments winston salem,1.0,1.0,0.0,0.85,1.0,27.0,93.0,49.65,1.0,49.65,,0.5 < Ratio <= 1.0
rooms for rent traveling nurses,1.0,8.5,1.0,1.0,0.15,94.0,218.0,503.33,0.1176470588235294,503.33,8.5,0.1 < Ratio <= 0.2
travel nursing accommodations,1.0,5.0,0.0,0.63,1.89,50.0,126.0,305.42,0.2,305.42,,0.1 < Ratio <= 0.2
travelers nurse,1.0,3.0,0.0,0.0,1.0,12.0,44.0,61.38,0.3333333333333333,61.38,,0.2 < Ratio <= 0.5
how to rent your home to traveling nurses,1.0,7.0,0.0,0.0,0.0,67.0,178.0,645.87,0.1428571428571428,645.87,,0.1 < Ratio <= 0.2
traveling nurse locations,1.0,1.0,0.0,0.0,0.0,3.0,8.0,12.89,1.0,12.89,,0.5 < Ratio <= 1.0
traveling nurses agency,1.0,4.5,0.0,0.0,0.0,113.0,386.0,288.85,0.2222222222222222,288.85,,0.2 < Ratio <= 0.5
corporate housing new orleans,1.0,6.0,0.0,0.0,0.0,30.0,146.0,78.4,0.1666666666666666,78.4,,0.1 < Ratio <= 0.2
traveling nurse website for housing,1.0,15.51,0.0,3.0,3.9,86.0,198.0,596.99,0.0644745325596389,596.99,,0 < Ratio <= 0.1
traveling nurse roommate,1.0,5.0,0.0,0.0,0.0,42.0,90.0,302.88,0.2,302.88,,0.1 < Ratio <= 0.2
traveling nurse room for rent,1.0,13.0,0.0,0.0,0.0,128.0,284.0,918.21,0.0769230769230769,918.21,,0 < Ratio <= 0.1
traveling nurse rental sites,1.0,1.0,0.0,0.0,0.0,16.0,44.0,134.39999999999998,1.0,134.39999999999998,,0.5 < Ratio <= 1.0
nurses short term rentals,1.0,8.0,0.54,0.08,3.01,80.0,149.0,742.99,0.125,742.99,14.814814814814811,0.1 < Ratio <= 0.2
accommodation for travelling nurses,1.0,6.33,0.0,3.01,6.03,31.0,72.0,242.47,0.1579778830963665,242.47,,0.1 < Ratio <= 0.2
traveling nurse rent,1.0,3.0,0.93,0.0,0.0,69.0,126.0,399.03,0.3333333333333333,399.03,3.225806451612903,0.2 < Ratio <= 0.5
airbnb long term rentals,1.0,6.0,7.49,98.98,100.45,375.0,2572.0,522.6800000000001,0.1666666666666666,522.6800000000001,0.8010680907877169,0.1 < Ratio <= 0.2
nurses traveling,1.0,1.0,0.0,0.0,0.0,3.0,7.0,16.560000000000002,1.0,16.560000000000002,,0.5 < Ratio <= 1.0
well furnished room for rent,1.0,1.0,0.0,0.0,0.0,1.0,1.0,1.36,1.0,1.36,,0.5 < Ratio <= 1.0
traveling healthcare rentals,1.0,2.0,0.0,0.0,0.0,66.0,255.0,317.16,0.5,317.16,,0.2 < Ratio <= 0.5
rental listings,1.0,4.0,0.0,0.0,0.0,30.0,304.0,46.02,0.25,46.02,,0.2 < Ratio <= 0.5
traveling nurse housing maine,1.0,4.0,0.0,0.0,0.0,59.0,124.0,372.67,0.25,372.67,,0.2 < Ratio <= 0.5
traveling nurse housing california,1.0,7.0,0.0,0.0,0.0,51.0,121.0,335.2,0.1428571428571428,335.2,,0.1 < Ratio <= 0.2
traveling nurse housing atlanta,1.0,8.0,2.0,3.0,0.0,44.0,127.0,330.62,0.125,330.62,4.0,0.1 < Ratio <= 0.2
rent finder,1.0,2.0,2.0,2.42,7.25,44.0,381.0,65.75,0.5,65.75,1.0,0.2 < Ratio <= 0.5
traveling nurse com,1.0,4.0,4.0,3.0,3.98,30.0,63.0,146.98000000000002,0.25,146.98000000000002,1.0,0.2 < Ratio <= 0.5
house rentals for travel nurses,1.0,13.0,0.0,0.0,0.0,56.0,122.0,339.94,0.0769230769230769,339.94,,0 < Ratio <= 0.1
long term rentals for traveling nurses,1.0,2.67,4.18,4.02,18.72,133.0,274.0,630.49,0.3745318352059925,630.49,0.6387559808612441,0.2 < Ratio <= 0.5
corporate housing connecticut,1.0,2.0,0.0,0.0,1.0,19.0,68.0,63.94,0.5,63.94,,0.2 < Ratio <= 0.5
long term rentals for nurses,1.0,5.0,0.0,0.0,0.0,70.0,117.0,455.3,0.2,455.3,,0.1 < Ratio <= 0.2
fully furnished housing,1.0,1.0,0.0,0.0,0.0,12.0,26.0,9.28,1.0,9.28,,0.5 < Ratio <= 1.0
traveling nurse accommodations,1.0,12.5,4.0,0.0,8.0,194.0,434.0,1320.2,0.08,1320.2,3.125,0 < Ratio <= 0.1
traveling medical professionals housing,1.0,4.0,1.0,0.0,1.58,56.0,184.0,353.15,0.25,353.15,4.0,0.2 < Ratio <= 0.5
corporate housing philadelphia,1.0,7.0,1.0,0.0,1.0,29.0,121.0,83.11,0.1428571428571428,83.11,7.0,0.1 < Ratio <= 0.2
travel nurse housing reddit,1.0,2.0,0.0,0.0,1.28,33.0,366.0,186.64,0.5,186.64,,0.2 < Ratio <= 0.5
rental sites,1.0,2.0,0.0,0.0,0.0,14.0,367.0,40.65,0.5,40.65,,0.2 < Ratio <= 0.5
rent room for travel nurse,1.0,11.0,1.0,2.0,3.0,39.0,115.0,258.64,0.0909090909090909,258.64,11.0,0 < Ratio <= 0.1
find furnished rentals,1.0,4.0,0.0,1.0,17.0,44.0,134.0,74.9,0.25,74.9,,0.2 < Ratio <= 0.5
find a tenant for my property,1.0,1.0,0.0,0.0,0.0,3.0,18.0,24.200000000000003,1.0,24.200000000000003,,0.5 < Ratio <= 1.0
furnished apartments boca raton,1.0,1.0,0.0,0.0,0.0,12.0,69.0,18.04,1.0,18.04,,0.5 < Ratio <= 1.0
travel nurse finder housing,1.0,5.0,5.67,1.0,1.0,80.0,139.0,450.74,0.2,450.74,0.8818342151675486,0.1 < Ratio <= 0.2
furnished apartments long beach,1.0,1.0,0.0,2.12,3.5,26.0,98.0,28.59,1.0,28.59,,0.5 < Ratio <= 1.0
provide housing for traveling nurses,1.0,8.0,0.0,0.0,0.0,40.0,146.0,264.5,0.125,264.5,,0.1 < Ratio <= 0.2
short term rentals los angeles,1.0,3.0,0.0,0.0,0.0,63.0,550.0,137.99,0.3333333333333333,137.99,,0.2 < Ratio <= 0.5
sabbatical homes,1.0,9.0,1.0,3.0,1.0,118.0,560.0,351.15000000000003,0.1111111111111111,351.15000000000003,9.0,0.1 < Ratio <= 0.2
florida furnished rentals,1.0,1.99,0.0,0.0,0.0,9.0,45.0,16.71,0.5025125628140703,16.71,,0.5 < Ratio <= 1.0
furnished apartments houston,1.0,3.0,1.0,1.0,10.8,103.0,818.0,175.93,0.3333333333333333,175.93,3.0,0.2 < Ratio <= 0.5
corporate housing arizona,1.0,1.0,0.0,0.0,0.0,16.0,71.0,51.56,1.0,51.56,,0.5 < Ratio <= 1.0
furnished apartments denver,1.0,1.0,0.0,1.25,2.11,95.0,483.0,158.63,1.0,158.63,,0.5 < Ratio <= 1.0
furnished apartments college station,1.0,2.0,0.0,0.0,0.0,14.0,53.0,20.87,0.5,20.87,,0.2 < Ratio <= 0.5
furnished short term rentals san diego,1.0,2.0,1.0,2.0,2.0,51.0,233.0,141.92,0.5,141.92,2.0,0.2 < Ratio <= 0.5
travel nurse corporate housing,1.0,1.0,1.23,0.0,3.17,18.0,73.0,86.34,1.0,86.34,0.8130081300813008,0.5 < Ratio <= 1.0
furnished apartments colorado,1.0,1.0,0.0,0.0,0.0,34.0,192.0,54.72,1.0,54.72,,0.5 < Ratio <= 1.0
furnished short term apartments,1.0,2.0,2.0,11.0,6.0,80.0,362.0,154.6,0.5,154.6,1.0,0.2 < Ratio <= 0.5
app for traveling nurses housing,1.0,15.0,0.0,0.0,0.0,72.0,241.0,526.91,0.0666666666666666,526.91,,0 < Ratio <= 0.1
furnished short term rentals burlington vt,1.0,1.44,0.0,0.0,0.0,15.0,53.0,34.489999999999995,0.6944444444444444,34.489999999999995,,0.5 < Ratio <= 1.0
short term furnished rentals for traveling nurses,1.0,2.0,0.41,0.99,0.0,47.0,121.0,228.16,0.5,228.16,4.878048780487805,0.2 < Ratio <= 0.5
rent room to nurses,1.0,6.0,0.0,0.0,2.0,51.0,113.0,543.49,0.1666666666666666,543.49,,0.1 < Ratio <= 0.2
rent room to travel nurse,1.0,10.0,0.0,0.0,0.0,70.0,196.0,547.97,0.1,547.97,,0 < Ratio <= 0.1
housing traveling nurses,1.0,17.5,38.0,0.0,4.0,114.0,270.0,845.69,0.0571428571428571,845.69,0.4605263157894737,0 < Ratio <= 0.1
homes for travel nurses,1.0,9.0,0.0,0.0,0.0,70.0,164.0,432.31,0.1111111111111111,432.31,,0.1 < Ratio <= 0.2
furnished apartments bellingham,1.0,1.0,2.0,3.0,8.48,31.0,131.0,36.7,1.0,36.7,0.5,0.5 < Ratio <= 1.0
travel nurse housing agency,1.0,3.0,0.0,0.0,0.0,55.0,170.0,516.87,0.3333333333333333,516.87,,0.2 < Ratio <= 0.5
apartments for traveling nurses,1.0,6.0,1.02,0.0,2.01,114.0,256.0,549.88,0.1666666666666666,549.88,5.88235294117647,0.1 < Ratio <= 0.2
furnished apartments for short term rent,1.0,2.0,10.0,4.0,21.0,40.0,117.0,103.93,0.5,103.93,0.2,0.2 < Ratio <= 0.5
corporate house leasing,1.0,2.0,0.0,0.0,0.0,6.0,26.0,24.02,0.5,24.02,,0.2 < Ratio <= 0.5
rent to visiting nurses,1.0,16.0,0.0,0.0,0.0,59.0,179.0,438.04,0.0625,438.04,,0 < Ratio <= 0.1
visiting nurses housing for rent,1.0,6.0,3.0,1.0,8.28,91.0,179.0,707.51,0.1666666666666666,707.51,2.0,0.1 < Ratio <= 0.2
airbnb travel nurse housing,1.0,6.0,2.18,0.0,0.0,21.0,64.0,97.51,0.1666666666666666,97.51,2.7522935779816518,0.1 < Ratio <= 0.2
furnished apartments for travel nurses,1.0,4.0,6.0,0.5,4.279999999999999,121.0,347.0,554.22,0.25,554.22,0.6666666666666666,0.2 < Ratio <= 0.5
furnished apartments fort collins,1.0,2.0,1.0,0.0,0.0,26.0,105.0,36.31,0.5,36.31,2.0,0.2 < Ratio <= 0.5
visiting nurses association housing,1.0,4.0,0.0,0.0,0.0,43.0,112.0,344.54,0.25,344.54,,0.2 < Ratio <= 0.5
2 bedroom house for rent near me,1.0,62.0,0.0,0.0,0.0,620.0,97.0,677.5600000000001,0.0161290322580645,677.5600000000001,,0 < Ratio <= 0.1
travel nurse housing app,1.0,7.0,0.0,0.0,1.0,74.0,302.0,549.23,0.1428571428571428,549.23,,0.1 < Ratio <= 0.2
travel nurse houses,1.0,4.0,0.0,0.0,0.0,30.0,101.0,198.3,0.25,198.3,,0.2 < Ratio <= 0.5
how to find a travel nurse roommate,1.0,9.0,0.0,0.0,0.0,45.0,132.0,425.26,0.1111111111111111,425.26,,0.1 < Ratio <= 0.2
how to find corporate housing tenants,1.0,3.0,0.0,0.0,0.0,23.0,118.0,73.34,0.3333333333333333,73.34,,0.2 < Ratio <= 0.5
furnished short term rentals st augustine fl,1.0,1.0,1.0,0.0,0.0,31.0,83.0,50.66,1.0,50.66,1.0,0.5 < Ratio <= 1.0
short term rental sites like airbnb,1.0,2.0,0.0,0.0,0.0,2.0,58.0,9.35,0.5,9.35,,0.2 < Ratio <= 0.5
florida rental by owners reviews,1.0,1.0,0.0,0.0,0.0,1.0,2.0,3.07,1.0,3.07,,0.5 < Ratio <= 1.0
furnished findwr,1.0,1.0,0.0,0.0,0.0,4.0,5.0,0.64,1.0,0.64,,0.5 < Ratio <= 1.0
travel nurse homes for rent,1.0,2.0,1.0,0.0,4.0,63.0,138.0,346.34000000000003,0.5,346.34000000000003,2.0,0.2 < Ratio <= 0.5
furnished short term rentals massachusetts,1.0,2.0,3.0,1.22,9.93,81.0,323.0,181.72,0.5,181.72,0.6666666666666666,0.2 < Ratio <= 0.5
travel nurse homes,1.0,5.0,27.5,11.0,5.5,105.0,219.0,615.42,0.2,615.42,0.1818181818181818,0.1 < Ratio <= 0.2
travel nurse home rentals,1.0,12.57,0.0,0.0,1.0,122.0,250.0,695.57,0.0795544948289578,695.57,,0 < Ratio <= 0.1
long term furnished rentals panama city beach,1.0,1.0,0.0,7.0,3.0,17.0,59.0,30.38,1.0,30.38,,0.5 < Ratio <= 1.0
rooms for nurses,1.0,8.0,0.0,0.0,1.67,72.0,147.0,513.7,0.125,513.7,,0.1 < Ratio <= 0.2
furnished houses,1.0,1.0,0.0,0.0,0.0,39.0,184.0,29.41,1.0,29.41,,0.5 < Ratio <= 1.0
mid term rentals near me,1.0,6.0,0.0,0.0,0.01,68.0,208.0,107.23,0.1666666666666666,107.23,,0.1 < Ratio <= 0.2
furnished housing for travel nurses,1.0,8.059999999999999,2.33,13.73,38.06,314.0,951.0,1328.1,0.1240694789081886,1328.1,3.459227467811158,0.1 < Ratio <= 0.2
furnished home,1.0,1.0,0.0,0.0,0.14,68.0,272.0,53.29,1.0,53.29,,0.5 < Ratio <= 1.0
mid term rental website,1.0,1.0,0.0,0.0,0.0,10.0,19.0,14.69,1.0,14.69,,0.5 < Ratio <= 1.0
rent to medical professionals,1.0,3.0,0.0,0.0,0.98,30.0,70.0,221.73,0.3333333333333333,221.73,,0.2 < Ratio <= 0.5
corporate housing boulder co,1.0,1.0,0.0,0.0,0.0,3.0,18.0,5.59,1.0,5.59,,0.5 < Ratio <= 1.0
temporary housing rhode island,1.0,3.0,0.0,0.0,1.83,9.0,25.0,9.41,0.3333333333333333,9.41,,0.2 < Ratio <= 0.5
furnished home rentals,1.0,14.0,0.0,0.0,1.35,95.0,443.0,166.23,0.0714285714285714,166.23,,0 < Ratio <= 0.1
mid term rentals for nurses,1.0,5.0,0.0,0.0,0.78,83.0,203.0,548.5500000000001,0.2,548.5500000000001,,0.1 < Ratio <= 0.2
housing for nurses near me,1.0,4.5,7.0,1.0,9.01,88.0,254.0,568.62,0.2222222222222222,568.62,0.6428571428571429,0.2 < Ratio <= 0.5
furnished homes for rent by owner,1.0,5.25,1.01,0.25,1.05,54.0,187.0,63.78999999999999,0.1904761904761904,63.78999999999999,5.198019801980198,0.1 < Ratio <= 0.2
furnished homes for rent denver,1.0,1.0,0.0,0.0,0.0,12.0,41.0,18.58,1.0,18.58,,0.5 < Ratio <= 1.0
furnished apartments greensboro nc,1.0,1.0,2.0,0.0,10.05,60.0,295.0,108.67,1.0,108.67,0.5,0.5 < Ratio <= 1.0
midterm rental platforms,1.0,11.0,0.0,0.0,0.0,59.0,301.0,78.6,0.0909090909090909,78.6,,0 < Ratio <= 0.1
furnished apartments grand rapids,1.0,1.0,0.0,0.0,0.0,38.0,183.0,41.48,1.0,41.48,,0.5 < Ratio <= 1.0
travel medical professionals housing,1.0,2.0,0.21,0.0,24.75,30.0,119.0,170.19,0.5,170.19,9.523809523809524,0.2 < Ratio <= 0.5
furnished apartments las vegas,1.0,4.0,5.36,16.1,39.15,161.0,747.0,253.91,0.25,253.91,0.7462686567164178,0.2 < Ratio <= 0.5
zillow long term rentals,1.0,2.0,0.0,0.0,0.0,2.0,13.0,2.52,0.5,2.52,,0.2 < Ratio <= 0.5
housing for rent,1.0,1.0,0.0,0.0,0.0,30.0,129.0,25.99,1.0,25.99,,0.5 < Ratio <= 1.0
monthly furnished rentals near me,1.0,3.0,2.0,0.0,1.0,68.0,360.0,96.93,0.3333333333333333,96.93,1.5,0.2 < Ratio <= 0.5
furnished apartments atlanta,1.0,1.0,0.14,0.0,9.65,75.0,343.0,93.56,1.0,93.56,7.142857142857142,0.5 < Ratio <= 1.0
furnished homes,1.0,4.5,19.16,6.34,38.35,211.0,747.0,136.53,0.2222222222222222,136.53,0.2348643006263048,0.2 < Ratio <= 0.5
middle term rentals,1.0,2.0,0.0,0.0,0.0,5.0,22.0,8.280000000000001,0.5,8.280000000000001,,0.2 < Ratio <= 0.5
home rentals for traveling nurses,1.0,5.0,0.0,0.0,0.0,68.0,169.0,421.3200000000001,0.2,421.3200000000001,,0.1 < Ratio <= 0.2
housing for travel nurses in california,1.0,5.0,2.0,0.0,0.0,107.0,260.0,855.43,0.2,855.43,2.5,0.1 < Ratio <= 0.2
find housing for travel nurses,1.0,1.0,0.0,0.0,0.0,20.0,40.0,135.9,1.0,135.9,,0.5 < Ratio <= 1.0
corporate rentals near me,1.0,6.0,0.0,0.0,3.0,127.0,641.0,277.8,0.1666666666666666,277.8,,0.1 < Ratio <= 0.2
furnished houses for rent los angeles,1.0,1.0,0.0,1.03,11.0,5.0,26.0,7.85,1.0,7.85,,0.5 < Ratio <= 1.0
san diego corporate housing,1.0,1.0,0.0,0.0,0.0,4.0,31.0,19.24,1.0,19.24,,0.5 < Ratio <= 1.0
monthly furnished rentals,1.0,3.0,5.3100000000000005,59.07,11.38,233.0,1333.0,245.7,0.3333333333333333,245.7,0.5649717514124293,0.2 < Ratio <= 0.5
furnished apartments connecticut,1.0,3.0,4.0,1.99,15.78,122.0,402.0,139.1,0.3333333333333333,139.1,0.75,0.2 < Ratio <= 0.5
furnished apartments georgia,1.0,1.0,1.29,23.0,18.0,28.0,127.0,31.52,1.0,31.52,0.7751937984496123,0.5 < Ratio <= 1.0
housing for travelling nurses,1.0,11.0,0.0,0.0,0.0,48.0,108.0,374.55,0.0909090909090909,374.55,,0 < Ratio <= 0.1
short term rentals provo utah,1.0,2.0,3.0,0.0,5.0,2.0,5.0,7.35,0.5,7.35,0.6666666666666666,0.2 < Ratio <= 0.5
home furnished,1.0,2.0,5.0,0.0,10.54,17.0,35.0,15.26,0.5,15.26,0.4,0.2 < Ratio <= 0.5
housing for traveling workers,1.0,4.0,1.0,3.0,3.0,48.0,165.0,234.16,0.25,234.16,4.0,0.2 < Ratio <= 0.5
corporatehousingbyowner,1.0,1.0,0.0,0.0,1.0,3.0,25.0,4.890000000000001,1.0,4.890000000000001,,0.5 < Ratio <= 1.0
corporate rentals puerto rico,1.0,1.0,0.0,0.0,0.0,1.0,5.0,9.52,1.0,9.52,,0.5 < Ratio <= 1.0
furnished apartments gulfport ms,1.0,2.0,0.0,0.0,0.0,22.0,57.0,26.41,0.5,26.41,,0.2 < Ratio <= 0.5
short term rental for traveling nurses,1.0,13.98,0.0,0.0,3.0,144.0,357.0,1169.13,0.0715307582260371,1169.13,,0 < Ratio <= 0.1
furnished homes for rent houston,1.0,5.0,1.0,0.0,1.5,22.0,109.0,32.15,0.2,32.15,5.0,0.1 < Ratio <= 0.2
short term furnished rentals charlottesville va,1.0,1.0,5.0,4.0,4.0,9.0,28.0,26.51,1.0,26.51,0.2,0.5 < Ratio <= 1.0
housing for traveling doctors,1.0,4.0,0.0,0.97,0.0,27.0,88.0,103.35,0.25,103.35,,0.2 < Ratio <= 0.5
host travel nurses,1.0,4.0,0.0,0.0,0.0,41.0,117.0,279.6,0.25,279.6,,0.2 < Ratio <= 0.5
furnished ginder,1.0,1.0,0.0,0.0,0.0,4.0,5.0,0.37,1.0,0.37,,0.5 < Ratio <= 1.0
housing for medical professionals,1.0,2.0,1.0,0.0,2.0,108.0,365.0,592.49,0.5,592.49,2.0,0.2 < Ratio <= 0.5
travel nurse apartment finder,1.0,21.0,6.43,18.009999999999998,60.07,384.0,752.0,1026.63,0.0476190476190476,1026.63,3.265940902021773,0 < Ratio <= 0.1
housing for travel nurses in florida,1.0,1.0,0.0,0.0,0.0,29.0,52.0,173.3,1.0,173.3,,0.5 < Ratio <= 1.0
list my house for corporate rental,1.0,9.0,0.0,0.0,0.0,29.0,106.0,216.34,0.1111111111111111,216.34,,0.1 < Ratio <= 0.2
furnished apartments massachusetts,1.0,6.0,6.92,28.86,8.02,243.0,765.0,255.63,0.1666666666666666,255.63,0.8670520231213873,0.1 < Ratio <= 0.2
furnished house rentals,1.0,3.0,0.0,0.0,0.0,51.0,214.0,104.67,0.3333333333333333,104.67,,0.2 < Ratio <= 0.5
rent my house for corporate housing,1.0,6.0,0.0,0.0,0.0,21.0,81.0,165.99,0.1666666666666666,165.99,,0.1 < Ratio <= 0.2
room for traveling nurses,1.0,6.0,5.0,0.0,0.0,41.0,98.0,306.68,0.1666666666666666,306.68,1.2,0.1 < Ratio <= 0.2
rent my room out,1.0,5.0,0.0,0.0,0.0,13.0,103.0,68.51,0.2,68.51,,0.1 < Ratio <= 0.2
furnished apartments brooklyn,1.0,3.0,0.0,0.0,1.0,39.0,150.0,53.1,0.3333333333333333,53.1,,0.2 < Ratio <= 0.5
furnished apartments new hampshire,1.0,5.0,5.0,7.68,23.33,157.0,366.0,180.99,0.2,180.99,1.0,0.1 < Ratio <= 0.2
furnished nursing housing,1.0,1.0,0.0,1.0,0.0,27.0,52.0,134.85,1.0,134.85,,0.5 < Ratio <= 1.0
furnished house for rent near me,1.0,4.0,2.0,4.140000000000001,0.79,140.0,595.0,172.31,0.25,172.31,2.0,0.2 < Ratio <= 0.5
long term beach house rentals,1.0,1.0,0.0,0.0,0.0,1.0,2.0,0.99,1.0,0.99,,0.5 < Ratio <= 1.0
travel nurse housing com,1.0,3.06,0.86,0.0,3.47,73.0,372.0,418.62,0.326797385620915,418.62,3.558139534883721,0.2 < Ratio <= 0.5
furnished house rental,1.0,1.0,0.0,0.0,0.44,33.0,109.0,45.62,1.0,45.62,,0.5 < Ratio <= 1.0
corporate housing cleveland,1.0,3.0,9.0,0.0,0.0,25.0,106.0,60.59,0.3333333333333333,60.59,0.3333333333333333,0.2 < Ratio <= 0.5
vrbo,1.0,22.0,33.0,9.0,12.0,302.0,1282.0,457.69,0.0454545454545454,457.69,0.6666666666666666,0 < Ratio <= 0.1
furnished house finder,1.0,4.0,12.0,0.0,1.0,50.0,101.0,71.51,0.25,71.51,0.3333333333333333,0.2 < Ratio <= 0.5
how do i rent a room to a traveling nurse,1.0,5.0,0.0,0.0,0.0,34.0,126.0,268.74,0.2,268.74,,0.1 < Ratio <= 0.2
furnished apartments cedar rapids,1.0,1.0,0.0,0.0,0.0,12.0,49.0,15.9,1.0,15.9,,0.5 < Ratio <= 1.0
how to find housing as a travel nurse,1.0,1.0,5.0,0.0,2.0,31.0,113.0,213.75,1.0,213.75,0.2,0.5 < Ratio <= 1.0
short term furnished rentals near me,1.0,1.0,9.48,37.59,37.41,163.0,696.0,251.25,1.0,251.25,0.1054852320675105,0.5 < Ratio <= 1.0
rent your home to traveling nurses,1.0,18.41,0.0,0.0,0.0,94.0,347.0,1036.6999999999998,0.0543183052688756,1036.6999999999998,,0 < Ratio <= 0.1
furnished apartments in glendale ca,1.0,1.0,0.0,0.0,1.0,4.0,14.0,11.32,1.0,11.32,,0.5 < Ratio <= 1.0
rent my house,1.0,2.0,0.0,0.0,1.0,7.0,127.0,21.43,0.5,21.43,,0.2 < Ratio <= 0.5
how do traveling nurses find housing,1.0,1.0,1.0,1.49,6.35,85.0,309.0,517.2,1.0,517.2,1.0,0.5 < Ratio <= 1.0
long term corporate housing,1.0,3.0,1.0,0.0,0.0,23.0,182.0,48.41,0.3333333333333333,48.41,3.0,0.2 < Ratio <= 0.5
room for rent travel nurse,0.99,10.0,0.0,0.0,0.34,61.0,128.0,472.46,0.099,477.2323232323232,,0 < Ratio <= 0.1
host a traveling nurse,0.98,14.0,0.0,0.0,0.0,39.0,124.0,346.01,0.0699999999999999,353.07142857142856,,0 < Ratio <= 0.1
travel nurse home finder,0.91,6.0,0.3,0.0,3.0,53.0,107.0,227.95,0.1516666666666666,250.49450549450552,20.0,0.1 < Ratio <= 0.2
where to list short term rentals,0.89,4.0,0.0,0.0,0.0,20.0,104.0,274.6,0.2225,308.53932584269666,,0.2 < Ratio <= 0.5
travelnurse housing,0.88,2.99,0.33,4.78,0.33,73.0,254.0,351.36,0.294314381270903,399.2727272727273,9.06060606060606,0.2 < Ratio <= 0.5
rentals for travelling nurses,0.81,8.0,0.0,0.0,0.0,54.0,141.0,431.14,0.10125,532.2716049382716,,0.1 < Ratio <= 0.2
apps for travel nurses to find housing,0.8,11.76,0.0,0.0,0.0,43.0,118.0,250.58,0.0680272108843537,313.225,,0 < Ratio <= 0.1
hosting travel nurses,0.72,7.68,0.0,0.0,0.0,71.0,240.0,513.39,0.09375,713.0416666666666,,0 < Ratio <= 0.1
how to host traveling nurses,0.7,7.0,0.0,0.0,0.43,34.0,102.0,319.06,0.0999999999999999,455.8,,0 < Ratio <= 0.1
furnished f,0.7,2.0,4.66,13.44,47.3,77.0,128.0,124.15,0.35,177.3571428571429,0.4291845493562232,0.2 < Ratio <= 0.5
nursing rentals,0.69,8.3,2.38,17.119999999999997,22.59,150.0,307.0,889.74,0.0831325301204819,1289.4782608695652,3.4873949579831938,0 < Ratio <= 0.1
rent to nurse,0.68,2.0,0.0,0.0,0.0,13.0,27.0,102.2,0.34,150.2941176470588,,0.2 < Ratio <= 0.5
apartamentos amueblados cerca de mi,0.66,1.0,0.0,0.0,0.0,3.0,14.0,5.25,0.66,7.954545454545454,,0.5 < Ratio <= 1.0
travel nurse housing sacramento,0.66,4.5,0.0,0.0,0.0,51.0,137.0,318.13,0.1466666666666666,482.0151515151515,,0.1 < Ratio <= 0.2
rooms for rent hollywood,0.65,1.0,0.0,0.0,0.0,1.0,1.0,1.6,0.65,2.4615384615384617,,0.5 < Ratio <= 1.0
put your house up for rent,0.62,2.0,3.0,0.16,0.38,2.0,1.0,17.32,0.31,27.935483870967744,0.6666666666666666,0.2 < Ratio <= 0.5
places to stay for travel nurses,0.58,3.0,0.48,3.55,0.86,82.0,198.0,423.35,0.1933333333333333,729.9137931034484,6.25,0.1 < Ratio <= 0.2
where do traveling nurses look for housing,0.55,1.0,0.0,0.0,1.71,9.0,23.0,73.14,0.55,132.98181818181817,,0.5 < Ratio <= 1.0
nurse housing program,0.53,11.0,5.0,0.0,2.97,104.0,290.0,399.98,0.0481818181818181,754.6792452830188,2.2,0 < Ratio <= 0.1
nurse traveler,0.52,1.0,0.0,0.0,5.199999999999999,8.0,50.0,34.71,0.52,66.75,,0.5 < Ratio <= 1.0
traveling nurse app,0.5,4.25,0.0,0.0,1.0,32.0,97.0,275.01,0.1176470588235294,550.02,,0.1 < Ratio <= 0.2
short term furnished rentals milford ct,0.5,1.0,2.0,0.0,2.0,3.0,5.0,3.86,0.5,7.72,0.5,0.2 < Ratio <= 0.5
rent my house to corporate housing,0.37,18.4,5.0,5.0,57.0,144.0,600.0,640.0600000000001,0.0201086956521739,1729.891891891892,3.68,0 < Ratio <= 0.1
traveling nurse short term rentals,0.35,3.0,1.0,0.0,3.0,75.0,191.0,455.94000000000005,0.1166666666666666,1302.6857142857143,3.0,0.1 < Ratio <= 0.2
american mobile nursing,0.34,1.0,0.0,0.0,0.0,2.0,4.0,12.17,0.34,35.79411764705882,,0.2 < Ratio <= 0.5
travel nurse site,0.34,2.0,0.0,0.0,1.0,26.0,62.0,158.33,0.17,465.6764705882353,,0.1 < Ratio <= 0.2
rent my furnished home,0.33,3.0,0.0,0.0,0.0,6.0,25.0,57.5,0.11,174.24242424242422,,0.1 < Ratio <= 0.2
renting room to travel nurses,0.3,6.0,0.0,0.0,0.0,52.0,94.0,500.2,0.0499999999999999,1667.3333333333333,,0 < Ratio <= 0.1
travel nurse housing san diego,0.27,7.0,3.46,0.0,17.54,217.0,508.0,1089.39,0.0385714285714285,4034.777777777778,2.023121387283237,0 < Ratio <= 0.1
medical travel housing,0.26,2.79,4.0,2.0,26.32,47.0,94.0,208.97,0.0931899641577061,803.7307692307692,0.6975,0 < Ratio <= 0.1
renting a furnished home,0.26,0.33,0.0,0.0,0.0,2.0,16.0,2.12,0.7878787878787878,8.153846153846153,,0.5 < Ratio <= 1.0
nursefinder housing,0.26,1.0,0.0,0.0,3.34,22.0,29.0,64.62,0.26,248.53846153846155,,0.2 < Ratio <= 0.5
corporate rental,0.26,15.0,0.0,0.0,0.02,128.0,837.0,427.52,0.0173333333333333,1644.3076923076924,,0 < Ratio <= 0.1
how much do traveling nurses pay to rent a room,0.24,1.4,0.0,0.0,0.0,80.0,315.0,324.77000000000004,0.1714285714285714,1353.2083333333337,,0.1 < Ratio <= 0.2
travel nursing com,0.12,1.0,0.0,0.0,0.0,7.0,27.0,35.91,0.12,299.25,,0.1 < Ratio <= 0.2
housing websites for travel nurses,0.04,4.0,1.5,4.25,13.0,35.0,88.0,233.38,0.01,5834.500000000001,2.6666666666666665,0 < Ratio <= 0.1
